Unnamed: 0,Data,Produto_ID,Fornecedor_ID,Quantidade_Compra,Status
16120,2022-06-01,1,1,11,Aguardando ConfirmaÃ§Ã£o
16121,2022-06-01,2,2,13,Aguardando ConfirmaÃ§Ã£o
16122,2022-06-01,3,3,27,Entregue
16123,2022-06-01,4,4,7,Em TrÃ¢nsito
16124,2022-06-01,5,5,13,Aguardando ConfirmaÃ§Ã£o
16125,2022-06-01,6,6,8,Entregue
16126,2022-06-01,7,7,29,Aguardando ConfirmaÃ§Ã£o
16127,2022-06-01,8,8,10,Em TrÃ¢nsito
16128,2022-06-01,9,9,22,Em TrÃ¢nsito
16129,2022-06-01,10,10,49,Em TrÃ¢nsito
16130,2022-06-02,1,1,11,Entregue
16131,2022-06-02,2,2,39,Em TrÃ¢nsito
16132,2022-06-02,3,3,35,Entregue
16133,2022-06-02,4,4,42,Aguardando ConfirmaÃ§Ã£o
16134,2022-06-02,5,5,36,Em TrÃ¢nsito
16135,2022-06-02,6,6,39,Entregue
16136,2022-06-02,7,7,32,Entregue
16137,2022-06-02,8,8,48,Entregue
16138,2022-06-02,9,9,9,Em TrÃ¢nsito
16139,2022-06-02,10,10,34,Entregue
16140,2022-06-03,1,1,26,Em TrÃ¢nsito
16141,2022-06-03,2,2,21,Em TrÃ¢nsito
16142,2022-06-03,3,3,14,Aguardando ConfirmaÃ§Ã£o
16143,2022-06-03,4,4,11,Aguardando ConfirmaÃ§Ã£o
16144,2022-06-03,5,5,8,Em TrÃ¢nsito
16145,2022-06-03,6,6,46,Aguardando ConfirmaÃ§Ã£o
16146,2022-06-03,7,7,31,Entregue
16147,2022-06-03,8,8,11,Em TrÃ¢nsito
16148,2022-06-03,9,9,27,Aguardando ConfirmaÃ§Ã£o
16149,2022-06-03,10,10,15,Entregue
16150,2022-06-04,1,1,12,Em TrÃ¢nsito
16151,2022-06-04,2,2,12,Entregue
16152,2022-06-04,3,3,41,Em TrÃ¢nsito
16153,2022-06-04,4,4,9,Aguardando ConfirmaÃ§Ã£o
16154,2022-06-04,5,5,11,Entregue
16155,2022-06-04,6,6,26,Aguardando ConfirmaÃ§Ã£o
16156,2022-06-04,7,7,40,Entregue
16157,2022-06-04,8,8,6,Entregue
16158,2022-06-04,9,9,28,Entregue
16159,2022-06-04,10,10,6,Entregue
16160,2022-06-05,1,1,16,Aguardando ConfirmaÃ§Ã£o
16161,2022-06-05,2,2,46,Entregue
16162,2022-06-05,3,3,30,Aguardando ConfirmaÃ§Ã£o
16163,2022-06-05,4,4,42,Entregue
16164,2022-06-05,5,5,49,Em TrÃ¢nsito
16165,2022-06-05,6,6,10,Em TrÃ¢nsito
16166,2022-06-05,7,7,27,Entregue
16167,2022-06-05,8,8,6,Em TrÃ¢nsito
16168,2022-06-05,9,9,30,Entregue
16169,2022-06-05,10,10,18,Aguardando ConfirmaÃ§Ã£o
16170,2022-06-06,1,1,22,Em TrÃ¢nsito
16171,2022-06-06,2,2,42,Entregue
16172,2022-06-06,3,3,36,Entregue
16173,2022-06-06,4,4,18,Aguardando ConfirmaÃ§Ã£o
16174,2022-06-06,5,5,34,Aguardando ConfirmaÃ§Ã£o
16175,2022-06-06,6,6,17,Entregue
16176,2022-06-06,7,7,44,Entregue
16177,2022-06-06,8,8,35,Entregue
16178,2022-06-06,9,9,41,Entregue
16179,2022-06-06,10,10,49,Entregue
16180,2022-06-07,1,1,42,Entregue
16181,2022-06-07,2,2,26,Aguardando ConfirmaÃ§Ã£o
16182,2022-06-07,3,3,32,Em TrÃ¢nsito
16183,2022-06-07,4,4,23,Entregue
16184,2022-06-07,5,5,47,Entregue
16185,2022-06-07,6,6,20,Aguardando ConfirmaÃ§Ã£o
16186,2022-06-07,7,7,9,Em TrÃ¢nsito
16187,2022-06-07,8,8,48,Aguardando ConfirmaÃ§Ã£o
16188,2022-06-07,9,9,6,Aguardando ConfirmaÃ§Ã£o
16189,2022-06-07,10,10,14,Entregue
16190,2022-06-08,1,1,23,Entregue
16191,2022-06-08,2,2,24,Aguardando ConfirmaÃ§Ã£o
16192,2022-06-08,3,3,33,Entregue
16193,2022-06-08,4,4,29,Entregue
16194,2022-06-08,5,5,21,Entregue
16195,2022-06-08,6,6,17,Em TrÃ¢nsito
16196,2022-06-08,7,7,49,Em TrÃ¢nsito
16197,2022-06-08,8,8,20,Entregue
16198,2022-06-08,9,9,39,Aguardando ConfirmaÃ§Ã£o
16199,2022-06-08,10,10,40,Em TrÃ¢nsito
16200,2022-06-09,1,1,43,Aguardando ConfirmaÃ§Ã£o
16201,2022-06-09,2,2,7,Entregue
16202,2022-06-09,3,3,13,Aguardando ConfirmaÃ§Ã£o
16203,2022-06-09,4,4,44,Aguardando ConfirmaÃ§Ã£o
16204,2022-06-09,5,5,33,Em TrÃ¢nsito
16205,2022-06-09,6,6,9,Aguardando ConfirmaÃ§Ã£o
16206,2022-06-09,7,7,7,Aguardando ConfirmaÃ§Ã£o
16207,2022-06-09,8,8,14,Em TrÃ¢nsito
16208,2022-06-09,9,9,35,Entregue
16209,2022-06-09,10,10,15,Aguardando ConfirmaÃ§Ã£o
16210,2022-06-10,1,1,21,Entregue
16211,2022-06-10,2,2,44,Entregue
16212,2022-06-10,3,3,45,Entregue
16213,2022-06-10,4,4,12,Em TrÃ¢nsito
16214,2022-06-10,5,5,6,Entregue
16215,2022-06-10,6,6,8,Aguardando ConfirmaÃ§Ã£o
16216,2022-06-10,7,7,20,Entregue
16217,2022-06-10,8,8,45,Entregue
16218,2022-06-10,9,9,45,Entregue
16219,2022-06-10,10,10,25,Aguardando ConfirmaÃ§Ã£o
16220,2022-06-11,1,1,9,Entregue
16221,2022-06-11,2,2,39,Entregue
16222,2022-06-11,3,3,18,Entregue
16223,2022-06-11,4,4,19,Em TrÃ¢nsito
16224,2022-06-11,5,5,10,Aguardando ConfirmaÃ§Ã£o
16225,2022-06-11,6,6,20,Em TrÃ¢nsito
16226,2022-06-11,7,7,27,Aguardando ConfirmaÃ§Ã£o
16227,2022-06-11,8,8,35,Entregue
16228,2022-06-11,9,9,46,Aguardando ConfirmaÃ§Ã£o
16229,2022-06-11,10,10,16,Aguardando ConfirmaÃ§Ã£o
16230,2022-06-12,1,1,45,Aguardando ConfirmaÃ§Ã£o
16231,2022-06-12,2,2,23,Aguardando ConfirmaÃ§Ã£o
16232,2022-06-12,3,3,16,Em TrÃ¢nsito
16233,2022-06-12,4,4,49,Aguardando ConfirmaÃ§Ã£o
16234,2022-06-12,5,5,17,Em TrÃ¢nsito
16235,2022-06-12,6,6,6,Em TrÃ¢nsito
16236,2022-06-12,7,7,24,Entregue
16237,2022-06-12,8,8,35,Aguardando ConfirmaÃ§Ã£o
16238,2022-06-12,9,9,13,Entregue
16239,2022-06-12,10,10,25,Aguardando ConfirmaÃ§Ã£o
16240,2022-06-13,1,1,12,Em TrÃ¢nsito
16241,2022-06-13,2,2,43,Em TrÃ¢nsito
16242,2022-06-13,3,3,41,Em TrÃ¢nsito
16243,2022-06-13,4,4,33,Aguardando ConfirmaÃ§Ã£o
16244,2022-06-13,5,5,23,Aguardando ConfirmaÃ§Ã£o
16245,2022-06-13,6,6,39,Aguardando ConfirmaÃ§Ã£o
16246,2022-06-13,7,7,49,Aguardando ConfirmaÃ§Ã£o
16247,2022-06-13,8,8,42,Aguardando ConfirmaÃ§Ã£o
16248,2022-06-13,9,9,30,Entregue
16249,2022-06-13,10,10,15,Aguardando ConfirmaÃ§Ã£o
16250,2022-06-14,1,1,40,Entregue
16251,2022-06-14,2,2,39,Aguardando ConfirmaÃ§Ã£o
16252,2022-06-14,3,3,8,Aguardando ConfirmaÃ§Ã£o
16253,2022-06-14,4,4,7,Aguardando ConfirmaÃ§Ã£o
16254,2022-06-14,5,5,49,Aguardando ConfirmaÃ§Ã£o
16255,2022-06-14,6,6,16,Em TrÃ¢nsito
16256,2022-06-14,7,7,36,Em TrÃ¢nsito
16257,2022-06-14,8,8,30,Entregue
16258,2022-06-14,9,9,47,Entregue
16259,2022-06-14,10,10,47,Aguardando ConfirmaÃ§Ã£o
16260,2022-06-15,1,1,17,Aguardando ConfirmaÃ§Ã£o
16261,2022-06-15,2,2,48,Aguardando ConfirmaÃ§Ã£o
16262,2022-06-15,3,3,42,Aguardando ConfirmaÃ§Ã£o
16263,2022-06-15,4,4,33,Em TrÃ¢nsito
16264,2022-06-15,5,5,23,Entregue
16265,2022-06-15,6,6,39,Entregue
16266,2022-06-15,7,7,45,Entregue
16267,2022-06-15,8,8,31,Em TrÃ¢nsito
16268,2022-06-15,9,9,35,Aguardando ConfirmaÃ§Ã£o
16269,2022-06-15,10,10,7,Em TrÃ¢nsito
16270,2022-06-16,1,1,39,Em TrÃ¢nsito
16271,2022-06-16,2,2,28,Entregue
16272,2022-06-16,3,3,11,Em TrÃ¢nsito
16273,2022-06-16,4,4,39,Entregue
16274,2022-06-16,5,5,25,Em TrÃ¢nsito
16275,2022-06-16,6,6,5,Entregue
16276,2022-06-16,7,7,48,Entregue
16277,2022-06-16,8,8,10,Aguardando ConfirmaÃ§Ã£o
16278,2022-06-16,9,9,43,Entregue
16279,2022-06-16,10,10,38,Em TrÃ¢nsito
16280,2022-06-17,1,1,22,Entregue
16281,2022-06-17,2,2,29,Em TrÃ¢nsito
16282,2022-06-17,3,3,19,Entregue
16283,2022-06-17,4,4,36,Aguardando ConfirmaÃ§Ã£o
16284,2022-06-17,5,5,46,Aguardando ConfirmaÃ§Ã£o
16285,2022-06-17,6,6,22,Em TrÃ¢nsito
16286,2022-06-17,7,7,35,Entregue
16287,2022-06-17,8,8,33,Em TrÃ¢nsito
16288,2022-06-17,9,9,19,Aguardando ConfirmaÃ§Ã£o
16289,2022-06-17,10,10,27,Em TrÃ¢nsito
16290,2022-06-18,1,1,42,Em TrÃ¢nsito
16291,2022-06-18,2,2,45,Entregue
16292,2022-06-18,3,3,15,Aguardando ConfirmaÃ§Ã£o
16293,2022-06-18,4,4,19,Aguardando ConfirmaÃ§Ã£o
16294,2022-06-18,5,5,27,Entregue
16295,2022-06-18,6,6,7,Entregue
16296,2022-06-18,7,7,23,Entregue
16297,2022-06-18,8,8,5,Aguardando ConfirmaÃ§Ã£o
16298,2022-06-18,9,9,28,Aguardando ConfirmaÃ§Ã£o
16299,2022-06-18,10,10,15,Entregue
16300,2022-06-19,1,1,34,Em TrÃ¢nsito
16301,2022-06-19,2,2,15,Aguardando ConfirmaÃ§Ã£o
16302,2022-06-19,3,3,43,Entregue
16303,2022-06-19,4,4,5,Entregue
16304,2022-06-19,5,5,16,Em TrÃ¢nsito
16305,2022-06-19,6,6,8,Entregue
16306,2022-06-19,7,7,29,Em TrÃ¢nsito
16307,2022-06-19,8,8,12,Em TrÃ¢nsito
16308,2022-06-19,9,9,19,Aguardando ConfirmaÃ§Ã£o
16309,2022-06-19,10,10,47,Entregue
16310,2022-06-20,1,1,34,Aguardando ConfirmaÃ§Ã£o
16311,2022-06-20,2,2,44,Aguardando ConfirmaÃ§Ã£o
16312,2022-06-20,3,3,36,Aguardando ConfirmaÃ§Ã£o
16313,2022-06-20,4,4,48,Entregue
16314,2022-06-20,5,5,39,Entregue
16315,2022-06-20,6,6,25,Entregue
16316,2022-06-20,7,7,35,Aguardando ConfirmaÃ§Ã£o
16317,2022-06-20,8,8,40,Em TrÃ¢nsito
16318,2022-06-20,9,9,31,Aguardando ConfirmaÃ§Ã£o
16319,2022-06-20,10,10,48,Em TrÃ¢nsito
16320,2022-06-21,1,1,12,Entregue
16321,2022-06-21,2,2,27,Entregue
16322,2022-06-21,3,3,27,Aguardando ConfirmaÃ§Ã£o
16323,2022-06-21,4,4,46,Em TrÃ¢nsito
16324,2022-06-21,5,5,37,Entregue
16325,2022-06-21,6,6,17,Entregue
16326,2022-06-21,7,7,43,Aguardando ConfirmaÃ§Ã£o
16327,2022-06-21,8,8,39,Aguardando ConfirmaÃ§Ã£o
16328,2022-06-21,9,9,20,Aguardando ConfirmaÃ§Ã£o
16329,2022-06-21,10,10,16,Em TrÃ¢nsito
16330,2022-06-22,1,1,35,Em TrÃ¢nsito
16331,2022-06-22,2,2,9,Entregue
16332,2022-06-22,3,3,44,Aguardando ConfirmaÃ§Ã£o
16333,2022-06-22,4,4,48,Entregue
16334,2022-06-22,5,5,29,Em TrÃ¢nsito
16335,2022-06-22,6,6,25,Entregue
16336,2022-06-22,7,7,7,Entregue
16337,2022-06-22,8,8,14,Aguardando ConfirmaÃ§Ã£o
16338,2022-06-22,9,9,27,Entregue
16339,2022-06-22,10,10,21,Aguardando ConfirmaÃ§Ã£o
16340,2022-06-23,1,1,46,Entregue
16341,2022-06-23,2,2,39,Entregue
16342,2022-06-23,3,3,29,Em TrÃ¢nsito
16343,2022-06-23,4,4,6,Em TrÃ¢nsito
16344,2022-06-23,5,5,31,Entregue
16345,2022-06-23,6,6,13,Entregue
16346,2022-06-23,7,7,8,Aguardando ConfirmaÃ§Ã£o
16347,2022-06-23,8,8,30,Em TrÃ¢nsito
16348,2022-06-23,9,9,36,Em TrÃ¢nsito
16349,2022-06-23,10,10,33,Entregue
16350,2022-06-24,1,1,26,Aguardando ConfirmaÃ§Ã£o
16351,2022-06-24,2,2,17,Em TrÃ¢nsito
16352,2022-06-24,3,3,27,Entregue
16353,2022-06-24,4,4,35,Entregue
16354,2022-06-24,5,5,45,Entregue
16355,2022-06-24,6,6,40,Entregue
16356,2022-06-24,7,7,44,Entregue
16357,2022-06-24,8,8,35,Em TrÃ¢nsito
16358,2022-06-24,9,9,19,Em TrÃ¢nsito
16359,2022-06-24,10,10,18,Aguardando ConfirmaÃ§Ã£o
16360,2022-06-25,1,1,39,Entregue
16361,2022-06-25,2,2,28,Aguardando ConfirmaÃ§Ã£o
16362,2022-06-25,3,3,34,Entregue
16363,2022-06-25,4,4,34,Entregue
16364,2022-06-25,5,5,31,Entregue
16365,2022-06-25,6,6,44,Aguardando ConfirmaÃ§Ã£o
16366,2022-06-25,7,7,18,Entregue
16367,2022-06-25,8,8,49,Aguardando ConfirmaÃ§Ã£o
16368,2022-06-25,9,9,15,Em TrÃ¢nsito
16369,2022-06-25,10,10,48,Entregue
16370,2022-06-26,1,1,30,Aguardando ConfirmaÃ§Ã£o
16371,2022-06-26,2,2,25,Em TrÃ¢nsito
16372,2022-06-26,3,3,13,Entregue
16373,2022-06-26,4,4,5,Em TrÃ¢nsito
16374,2022-06-26,5,5,48,Entregue
16375,2022-06-26,6,6,10,Aguardando ConfirmaÃ§Ã£o
16376,2022-06-26,7,7,5,Entregue
16377,2022-06-26,8,8,26,Entregue
16378,2022-06-26,9,9,17,Aguardando ConfirmaÃ§Ã£o
16379,2022-06-26,10,10,42,Aguardando ConfirmaÃ§Ã£o
16380,2022-06-27,1,1,49,Aguardando ConfirmaÃ§Ã£o
16381,2022-06-27,2,2,45,Entregue
16382,2022-06-27,3,3,44,Em TrÃ¢nsito
16383,2022-06-27,4,4,35,Aguardando ConfirmaÃ§Ã£o
16384,2022-06-27,5,5,19,Em TrÃ¢nsito
16385,2022-06-27,6,6,6,Aguardando ConfirmaÃ§Ã£o
16386,2022-06-27,7,7,35,Aguardando ConfirmaÃ§Ã£o
16387,2022-06-27,8,8,30,Entregue
16388,2022-06-27,9,9,6,Aguardando ConfirmaÃ§Ã£o
16389,2022-06-27,10,10,15,Em TrÃ¢nsito
16390,2022-06-28,1,1,37,Entregue
16391,2022-06-28,2,2,22,Aguardando ConfirmaÃ§Ã£o
16392,2022-06-28,3,3,25,Em TrÃ¢nsito
16393,2022-06-28,4,4,35,Entregue
16394,2022-06-28,5,5,30,Em TrÃ¢nsito
16395,2022-06-28,6,6,34,Entregue
16396,2022-06-28,7,7,43,Entregue
16397,2022-06-28,8,8,25,Entregue
16398,2022-06-28,9,9,20,Aguardando ConfirmaÃ§Ã£o
16399,2022-06-28,10,10,11,Entregue
16400,2022-06-29,1,1,26,Aguardando ConfirmaÃ§Ã£o
16401,2022-06-29,2,2,11,Aguardando ConfirmaÃ§Ã£o
16402,2022-06-29,3,3,6,Aguardando ConfirmaÃ§Ã£o
16403,2022-06-29,4,4,41,Aguardando ConfirmaÃ§Ã£o
16404,2022-06-29,5,5,18,Entregue
16405,2022-06-29,6,6,12,Aguardando ConfirmaÃ§Ã£o
16406,2022-06-29,7,7,33,Em TrÃ¢nsito
16407,2022-06-29,8,8,48,Em TrÃ¢nsito
16408,2022-06-29,9,9,11,Entregue
16409,2022-06-29,10,10,42,Aguardando ConfirmaÃ§Ã£o
16410,2022-06-30,1,1,49,Em TrÃ¢nsito
16411,2022-06-30,2,2,26,Em TrÃ¢nsito
16412,2022-06-30,3,3,48,Aguardando ConfirmaÃ§Ã£o
16413,2022-06-30,4,4,21,Aguardando ConfirmaÃ§Ã£o
16414,2022-06-30,5,5,20,Entregue
16415,2022-06-30,6,6,37,Em TrÃ¢nsito
16416,2022-06-30,7,7,43,Entregue
16417,2022-06-30,8,8,39,Em TrÃ¢nsito
16418,2022-06-30,9,9,42,Aguardando ConfirmaÃ§Ã£o
16419,2022-06-30,10,10,36,Em TrÃ¢nsito
16420,2022-07-01,1,1,7,Em TrÃ¢nsito
16421,2022-07-01,2,2,7,Em TrÃ¢nsito
16422,2022-07-01,3,3,12,Aguardando ConfirmaÃ§Ã£o
16423,2022-07-01,4,4,35,Aguardando ConfirmaÃ§Ã£o
16424,2022-07-01,5,5,13,Em TrÃ¢nsito
16425,2022-07-01,6,6,9,Em TrÃ¢nsito
16426,2022-07-01,7,7,32,Aguardando ConfirmaÃ§Ã£o
16427,2022-07-01,8,8,19,Aguardando ConfirmaÃ§Ã£o
16428,2022-07-01,9,9,31,Aguardando ConfirmaÃ§Ã£o
16429,2022-07-01,10,10,46,Em TrÃ¢nsito
16430,2022-07-02,1,1,35,Entregue
16431,2022-07-02,2,2,44,Entregue
16432,2022-07-02,3,3,22,Aguardando ConfirmaÃ§Ã£o
16433,2022-07-02,4,4,42,Entregue
16434,2022-07-02,5,5,8,Em TrÃ¢nsito
16435,2022-07-02,6,6,25,Entregue
16436,2022-07-02,7,7,46,Entregue
16437,2022-07-02,8,8,27,Entregue
16438,2022-07-02,9,9,49,Aguardando ConfirmaÃ§Ã£o
16439,2022-07-02,10,10,26,Em TrÃ¢nsito
16440,2022-07-03,1,1,5,Aguardando ConfirmaÃ§Ã£o
16441,2022-07-03,2,2,29,Entregue
16442,2022-07-03,3,3,45,Aguardando ConfirmaÃ§Ã£o
16443,2022-07-03,4,4,32,Em TrÃ¢nsito
16444,2022-07-03,5,5,41,Em TrÃ¢nsito
16445,2022-07-03,6,6,15,Em TrÃ¢nsito
16446,2022-07-03,7,7,26,Em TrÃ¢nsito
16447,2022-07-03,8,8,29,Entregue
16448,2022-07-03,9,9,25,Entregue
16449,2022-07-03,10,10,40,Entregue
16450,2022-07-04,1,1,24,Entregue
16451,2022-07-04,2,2,20,Entregue
16452,2022-07-04,3,3,32,Aguardando ConfirmaÃ§Ã£o
16453,2022-07-04,4,4,33,Em TrÃ¢nsito
16454,2022-07-04,5,5,30,Entregue
16455,2022-07-04,6,6,44,Em TrÃ¢nsito
16456,2022-07-04,7,7,6,Em TrÃ¢nsito
16457,2022-07-04,8,8,14,Entregue
16458,2022-07-04,9,9,17,Entregue
16459,2022-07-04,10,10,19,Em TrÃ¢nsito
16460,2022-07-05,1,1,13,Em TrÃ¢nsito
16461,2022-07-05,2,2,31,Em TrÃ¢nsito
16462,2022-07-05,3,3,12,Aguardando ConfirmaÃ§Ã£o
16463,2022-07-05,4,4,10,Aguardando ConfirmaÃ§Ã£o
16464,2022-07-05,5,5,40,Em TrÃ¢nsito
16465,2022-07-05,6,6,28,Aguardando ConfirmaÃ§Ã£o
16466,2022-07-05,7,7,7,Em TrÃ¢nsito
16467,2022-07-05,8,8,30,Em TrÃ¢nsito
16468,2022-07-05,9,9,40,Entregue
16469,2022-07-05,10,10,25,Em TrÃ¢nsito
16470,2022-07-06,1,1,17,Entregue
16471,2022-07-06,2,2,15,Entregue
16472,2022-07-06,3,3,12,Em TrÃ¢nsito
16473,2022-07-06,4,4,18,Aguardando ConfirmaÃ§Ã£o
16474,2022-07-06,5,5,37,Em TrÃ¢nsito
16475,2022-07-06,6,6,6,Em TrÃ¢nsito
16476,2022-07-06,7,7,5,Aguardando ConfirmaÃ§Ã£o
16477,2022-07-06,8,8,15,Entregue
16478,2022-07-06,9,9,10,Aguardando ConfirmaÃ§Ã£o
16479,2022-07-06,10,10,36,Em TrÃ¢nsito
16480,2022-07-07,1,1,19,Em TrÃ¢nsito
16481,2022-07-07,2,2,16,Aguardando ConfirmaÃ§Ã£o
16482,2022-07-07,3,3,41,Aguardando ConfirmaÃ§Ã£o
16483,2022-07-07,4,4,33,Aguardando ConfirmaÃ§Ã£o
16484,2022-07-07,5,5,48,Entregue
16485,2022-07-07,6,6,26,Aguardando ConfirmaÃ§Ã£o
16486,2022-07-07,7,7,18,Em TrÃ¢nsito
16487,2022-07-07,8,8,23,Aguardando ConfirmaÃ§Ã£o
16488,2022-07-07,9,9,9,Em TrÃ¢nsito
16489,2022-07-07,10,10,39,Entregue
16490,2022-07-08,1,1,29,Entregue
16491,2022-07-08,2,2,42,Aguardando ConfirmaÃ§Ã£o
16492,2022-07-08,3,3,13,Em TrÃ¢nsito
16493,2022-07-08,4,4,11,Entregue
16494,2022-07-08,5,5,22,Aguardando ConfirmaÃ§Ã£o
16495,2022-07-08,6,6,6,Entregue
16496,2022-07-08,7,7,14,Aguardando ConfirmaÃ§Ã£o
16497,2022-07-08,8,8,48,Em TrÃ¢nsito
16498,2022-07-08,9,9,6,Aguardando ConfirmaÃ§Ã£o
16499,2022-07-08,10,10,49,Em TrÃ¢nsito
16500,2022-07-09,1,1,12,Entregue
16501,2022-07-09,2,2,11,Em TrÃ¢nsito
16502,2022-07-09,3,3,39,Em TrÃ¢nsito
16503,2022-07-09,4,4,27,Entregue
16504,2022-07-09,5,5,12,Em TrÃ¢nsito
16505,2022-07-09,6,6,25,Em TrÃ¢nsito
16506,2022-07-09,7,7,37,Aguardando ConfirmaÃ§Ã£o
16507,2022-07-09,8,8,5,Em TrÃ¢nsito
16508,2022-07-09,9,9,16,Aguardando ConfirmaÃ§Ã£o
16509,2022-07-09,10,10,15,Em TrÃ¢nsito
16510,2022-07-10,1,1,34,Entregue
16511,2022-07-10,2,2,8,Em TrÃ¢nsito
16512,2022-07-10,3,3,38,Em TrÃ¢nsito
16513,2022-07-10,4,4,27,Em TrÃ¢nsito
16514,2022-07-10,5,5,36,Aguardando ConfirmaÃ§Ã£o
16515,2022-07-10,6,6,7,Entregue
16516,2022-07-10,7,7,32,Entregue
16517,2022-07-10,8,8,8,Em TrÃ¢nsito
16518,2022-07-10,9,9,16,Em TrÃ¢nsito
16519,2022-07-10,10,10,28,Aguardando ConfirmaÃ§Ã£o
16520,2022-07-11,1,1,37,Entregue
16521,2022-07-11,2,2,7,Em TrÃ¢nsito
16522,2022-07-11,3,3,8,Em TrÃ¢nsito
16523,2022-07-11,4,4,34,Entregue
16524,2022-07-11,5,5,10,Em TrÃ¢nsito
16525,2022-07-11,6,6,34,Em TrÃ¢nsito
16526,2022-07-11,7,7,12,Entregue
16527,2022-07-11,8,8,22,Aguardando ConfirmaÃ§Ã£o
16528,2022-07-11,9,9,20,Em TrÃ¢nsito
16529,2022-07-11,10,10,10,Em TrÃ¢nsito
16530,2022-07-12,1,1,28,Entregue
16531,2022-07-12,2,2,32,Entregue
16532,2022-07-12,3,3,36,Aguardando ConfirmaÃ§Ã£o
16533,2022-07-12,4,4,29,Aguardando ConfirmaÃ§Ã£o
16534,2022-07-12,5,5,32,Em TrÃ¢nsito
16535,2022-07-12,6,6,25,Aguardando ConfirmaÃ§Ã£o
16536,2022-07-12,7,7,12,Aguardando ConfirmaÃ§Ã£o
16537,2022-07-12,8,8,40,Aguardando ConfirmaÃ§Ã£o
16538,2022-07-12,9,9,13,Em TrÃ¢nsito
16539,2022-07-12,10,10,44,Aguardando ConfirmaÃ§Ã£o
16540,2022-07-13,1,1,25,Aguardando ConfirmaÃ§Ã£o
16541,2022-07-13,2,2,5,Aguardando ConfirmaÃ§Ã£o
16542,2022-07-13,3,3,8,Entregue
16543,2022-07-13,4,4,14,Aguardando ConfirmaÃ§Ã£o
16544,2022-07-13,5,5,30,Aguardando ConfirmaÃ§Ã£o
16545,2022-07-13,6,6,44,Entregue
16546,2022-07-13,7,7,7,Entregue
16547,2022-07-13,8,8,48,Em TrÃ¢nsito
16548,2022-07-13,9,9,13,Em TrÃ¢nsito
16549,2022-07-13,10,10,36,Entregue
16550,2022-07-14,1,1,7,Em TrÃ¢nsito
16551,2022-07-14,2,2,8,Aguardando ConfirmaÃ§Ã£o
16552,2022-07-14,3,3,10,Em TrÃ¢nsito
16553,2022-07-14,4,4,13,Aguardando ConfirmaÃ§Ã£o
16554,2022-07-14,5,5,30,Aguardando ConfirmaÃ§Ã£o
16555,2022-07-14,6,6,6,Aguardando ConfirmaÃ§Ã£o
16556,2022-07-14,7,7,6,Entregue
16557,2022-07-14,8,8,25,Em TrÃ¢nsito
16558,2022-07-14,9,9,26,Em TrÃ¢nsito
16559,2022-07-14,10,10,7,Entregue
16560,2022-07-15,1,1,39,Entregue
16561,2022-07-15,2,2,42,Em TrÃ¢nsito
16562,2022-07-15,3,3,37,Entregue
16563,2022-07-15,4,4,19,Entregue
16564,2022-07-15,5,5,15,Aguardando ConfirmaÃ§Ã£o
16565,2022-07-15,6,6,14,Aguardando ConfirmaÃ§Ã£o
16566,2022-07-15,7,7,40,Aguardando ConfirmaÃ§Ã£o
16567,2022-07-15,8,8,18,Entregue
16568,2022-07-15,9,9,6,Entregue
16569,2022-07-15,10,10,49,Aguardando ConfirmaÃ§Ã£o
16570,2022-07-16,1,1,48,Aguardando ConfirmaÃ§Ã£o
16571,2022-07-16,2,2,41,Em TrÃ¢nsito
16572,2022-07-16,3,3,33,Aguardando ConfirmaÃ§Ã£o
16573,2022-07-16,4,4,39,Aguardando ConfirmaÃ§Ã£o
16574,2022-07-16,5,5,24,Em TrÃ¢nsito
16575,2022-07-16,6,6,25,Em TrÃ¢nsito
16576,2022-07-16,7,7,38,Em TrÃ¢nsito
16577,2022-07-16,8,8,47,Em TrÃ¢nsito
16578,2022-07-16,9,9,37,Entregue
16579,2022-07-16,10,10,23,Em TrÃ¢nsito
16580,2022-07-17,1,1,12,Em TrÃ¢nsito
16581,2022-07-17,2,2,35,Entregue
16582,2022-07-17,3,3,15,Em TrÃ¢nsito
16583,2022-07-17,4,4,12,Em TrÃ¢nsito
16584,2022-07-17,5,5,29,Em TrÃ¢nsito
16585,2022-07-17,6,6,24,Entregue
16586,2022-07-17,7,7,42,Aguardando ConfirmaÃ§Ã£o
16587,2022-07-17,8,8,11,Em TrÃ¢nsito
16588,2022-07-17,9,9,17,Em TrÃ¢nsito
16589,2022-07-17,10,10,43,Em TrÃ¢nsito
16590,2022-07-18,1,1,47,Em TrÃ¢nsito
16591,2022-07-18,2,2,14,Entregue
16592,2022-07-18,3,3,12,Aguardando ConfirmaÃ§Ã£o
16593,2022-07-18,4,4,46,Em TrÃ¢nsito
16594,2022-07-18,5,5,47,Em TrÃ¢nsito
16595,2022-07-18,6,6,24,Entregue
16596,2022-07-18,7,7,21,Aguardando ConfirmaÃ§Ã£o
16597,2022-07-18,8,8,15,Aguardando ConfirmaÃ§Ã£o
16598,2022-07-18,9,9,20,Aguardando ConfirmaÃ§Ã£o
16599,2022-07-18,10,10,41,Em TrÃ¢nsito
16600,2022-07-19,1,1,46,Em TrÃ¢nsito
16601,2022-07-19,2,2,36,Em TrÃ¢nsito
16602,2022-07-19,3,3,30,Entregue
16603,2022-07-19,4,4,41,Entregue
16604,2022-07-19,5,5,13,Entregue
16605,2022-07-19,6,6,39,Em TrÃ¢nsito
16606,2022-07-19,7,7,7,Em TrÃ¢nsito
16607,2022-07-19,8,8,35,Em TrÃ¢nsito
16608,2022-07-19,9,9,46,Aguardando ConfirmaÃ§Ã£o
16609,2022-07-19,10,10,11,Entregue
16610,2022-07-20,1,1,6,Entregue
16611,2022-07-20,2,2,29,Aguardando ConfirmaÃ§Ã£o
16612,2022-07-20,3,3,44,Aguardando ConfirmaÃ§Ã£o
16613,2022-07-20,4,4,16,Aguardando ConfirmaÃ§Ã£o
16614,2022-07-20,5,5,34,Em TrÃ¢nsito
16615,2022-07-20,6,6,34,Aguardando ConfirmaÃ§Ã£o
16616,2022-07-20,7,7,33,Em TrÃ¢nsito
16617,2022-07-20,8,8,45,Em TrÃ¢nsito
16618,2022-07-20,9,9,15,Entregue
16619,2022-07-20,10,10,27,Aguardando ConfirmaÃ§Ã£o
16620,2022-07-21,1,1,21,Em TrÃ¢nsito
16621,2022-07-21,2,2,17,Em TrÃ¢nsito
16622,2022-07-21,3,3,37,Aguardando ConfirmaÃ§Ã£o
16623,2022-07-21,4,4,5,Em TrÃ¢nsito
16624,2022-07-21,5,5,44,Em TrÃ¢nsito
16625,2022-07-21,6,6,17,Em TrÃ¢nsito
16626,2022-07-21,7,7,42,Aguardando ConfirmaÃ§Ã£o
16627,2022-07-21,8,8,7,Em TrÃ¢nsito
16628,2022-07-21,9,9,20,Entregue
16629,2022-07-21,10,10,46,Aguardando ConfirmaÃ§Ã£o
16630,2022-07-22,1,1,11,Entregue
16631,2022-07-22,2,2,7,Entregue
16632,2022-07-22,3,3,18,Entregue
16633,2022-07-22,4,4,20,Em TrÃ¢nsito
16634,2022-07-22,5,5,8,Em TrÃ¢nsito
16635,2022-07-22,6,6,35,Entregue
16636,2022-07-22,7,7,17,Entregue
16637,2022-07-22,8,8,31,Aguardando ConfirmaÃ§Ã£o
16638,2022-07-22,9,9,5,Entregue
16639,2022-07-22,10,10,29,Em TrÃ¢nsito
16640,2022-07-23,1,1,41,Entregue
16641,2022-07-23,2,2,48,Entregue
16642,2022-07-23,3,3,15,Aguardando ConfirmaÃ§Ã£o
16643,2022-07-23,4,4,13,Entregue
16644,2022-07-23,5,5,11,Aguardando ConfirmaÃ§Ã£o
16645,2022-07-23,6,6,18,Aguardando ConfirmaÃ§Ã£o
16646,2022-07-23,7,7,34,Entregue
16647,2022-07-23,8,8,28,Entregue
16648,2022-07-23,9,9,7,Em TrÃ¢nsito
16649,2022-07-23,10,10,43,Em TrÃ¢nsito
16650,2022-07-24,1,1,31,Aguardando ConfirmaÃ§Ã£o
16651,2022-07-24,2,2,5,Aguardando ConfirmaÃ§Ã£o
16652,2022-07-24,3,3,42,Em TrÃ¢nsito
16653,2022-07-24,4,4,30,Aguardando ConfirmaÃ§Ã£o
16654,2022-07-24,5,5,10,Em TrÃ¢nsito
16655,2022-07-24,6,6,46,Aguardando ConfirmaÃ§Ã£o
16656,2022-07-24,7,7,16,Em TrÃ¢nsito
16657,2022-07-24,8,8,42,Em TrÃ¢nsito
16658,2022-07-24,9,9,39,Aguardando ConfirmaÃ§Ã£o
16659,2022-07-24,10,10,14,Aguardando ConfirmaÃ§Ã£o
16660,2022-07-25,1,1,13,Aguardando ConfirmaÃ§Ã£o
16661,2022-07-25,2,2,27,Entregue
16662,2022-07-25,3,3,34,Entregue
16663,2022-07-25,4,4,26,Aguardando ConfirmaÃ§Ã£o
16664,2022-07-25,5,5,13,Aguardando ConfirmaÃ§Ã£o
16665,2022-07-25,6,6,23,Aguardando ConfirmaÃ§Ã£o
16666,2022-07-25,7,7,12,Aguardando ConfirmaÃ§Ã£o
16667,2022-07-25,8,8,8,Em TrÃ¢nsito
16668,2022-07-25,9,9,9,Entregue
16669,2022-07-25,10,10,23,Aguardando ConfirmaÃ§Ã£o
16670,2022-07-26,1,1,22,Entregue
16671,2022-07-26,2,2,33,Entregue
16672,2022-07-26,3,3,23,Em TrÃ¢nsito
16673,2022-07-26,4,4,10,Aguardando ConfirmaÃ§Ã£o
16674,2022-07-26,5,5,9,Entregue
16675,2022-07-26,6,6,47,Em TrÃ¢nsito
16676,2022-07-26,7,7,9,Aguardando ConfirmaÃ§Ã£o
16677,2022-07-26,8,8,12,Aguardando ConfirmaÃ§Ã£o
16678,2022-07-26,9,9,31,Entregue
16679,2022-07-26,10,10,41,Em TrÃ¢nsito
16680,2022-07-27,1,1,47,Em TrÃ¢nsito
16681,2022-07-27,2,2,49,Em TrÃ¢nsito
16682,2022-07-27,3,3,42,Em TrÃ¢nsito
16683,2022-07-27,4,4,41,Aguardando ConfirmaÃ§Ã£o
16684,2022-07-27,5,5,22,Entregue
16685,2022-07-27,6,6,30,Entregue
16686,2022-07-27,7,7,46,Em TrÃ¢nsito
16687,2022-07-27,8,8,20,Em TrÃ¢nsito
16688,2022-07-27,9,9,26,Em TrÃ¢nsito
16689,2022-07-27,10,10,27,Entregue
16690,2022-07-28,1,1,7,Aguardando ConfirmaÃ§Ã£o
16691,2022-07-28,2,2,7,Aguardando ConfirmaÃ§Ã£o
16692,2022-07-28,3,3,16,Em TrÃ¢nsito
16693,2022-07-28,4,4,27,Aguardando ConfirmaÃ§Ã£o
16694,2022-07-28,5,5,15,Aguardando ConfirmaÃ§Ã£o
16695,2022-07-28,6,6,46,Entregue
16696,2022-07-28,7,7,33,Em TrÃ¢nsito
16697,2022-07-28,8,8,10,Aguardando ConfirmaÃ§Ã£o
16698,2022-07-28,9,9,20,Em TrÃ¢nsito
16699,2022-07-28,10,10,38,Em TrÃ¢nsito
16700,2022-07-29,1,1,41,Aguardando ConfirmaÃ§Ã£o
16701,2022-07-29,2,2,15,Entregue
16702,2022-07-29,3,3,15,Aguardando ConfirmaÃ§Ã£o
16703,2022-07-29,4,4,29,Entregue
16704,2022-07-29,5,5,23,Aguardando ConfirmaÃ§Ã£o
16705,2022-07-29,6,6,36,Em TrÃ¢nsito
16706,2022-07-29,7,7,12,Entregue
16707,2022-07-29,8,8,16,Entregue
16708,2022-07-29,9,9,45,Em TrÃ¢nsito
16709,2022-07-29,10,10,39,Aguardando ConfirmaÃ§Ã£o
16710,2022-07-30,1,1,10,Entregue
16711,2022-07-30,2,2,25,Aguardando ConfirmaÃ§Ã£o
16712,2022-07-30,3,3,30,Aguardando ConfirmaÃ§Ã£o
16713,2022-07-30,4,4,5,Aguardando ConfirmaÃ§Ã£o
16714,2022-07-30,5,5,21,Em TrÃ¢nsito
16715,2022-07-30,6,6,39,Aguardando ConfirmaÃ§Ã£o
16716,2022-07-30,7,7,31,Em TrÃ¢nsito
16717,2022-07-30,8,8,6,Entregue
16718,2022-07-30,9,9,40,Aguardando ConfirmaÃ§Ã£o
16719,2022-07-30,10,10,5,Entregue
16720,2022-07-31,1,1,14,Aguardando ConfirmaÃ§Ã£o
16721,2022-07-31,2,2,35,Entregue
16722,2022-07-31,3,3,41,Em TrÃ¢nsito
16723,2022-07-31,4,4,9,Entregue
16724,2022-07-31,5,5,45,Entregue
16725,2022-07-31,6,6,17,Aguardando ConfirmaÃ§Ã£o
16726,2022-07-31,7,7,49,Aguardando ConfirmaÃ§Ã£o
16727,2022-07-31,8,8,28,Aguardando ConfirmaÃ§Ã£o
16728,2022-07-31,9,9,31,Aguardando ConfirmaÃ§Ã£o
16729,2022-07-31,10,10,5,Em TrÃ¢nsito
16730,2022-08-01,1,1,24,Entregue
16731,2022-08-01,2,2,12,Entregue
16732,2022-08-01,3,3,7,Em TrÃ¢nsito
16733,2022-08-01,4,4,36,Entregue
16734,2022-08-01,5,5,48,Aguardando ConfirmaÃ§Ã£o
16735,2022-08-01,6,6,29,Aguardando ConfirmaÃ§Ã£o
16736,2022-08-01,7,7,29,Aguardando ConfirmaÃ§Ã£o
16737,2022-08-01,8,8,18,Entregue
16738,2022-08-01,9,9,47,Em TrÃ¢nsito
16739,2022-08-01,10,10,31,Em TrÃ¢nsito
16740,2022-08-02,1,1,36,Entregue
16741,2022-08-02,2,2,31,Em TrÃ¢nsito
16742,2022-08-02,3,3,8,Em TrÃ¢nsito
16743,2022-08-02,4,4,43,Aguardando ConfirmaÃ§Ã£o
16744,2022-08-02,5,5,15,Entregue
16745,2022-08-02,6,6,7,Em TrÃ¢nsito
16746,2022-08-02,7,7,29,Entregue
16747,2022-08-02,8,8,28,Aguardando ConfirmaÃ§Ã£o
16748,2022-08-02,9,9,13,Aguardando ConfirmaÃ§Ã£o
16749,2022-08-02,10,10,12,Em TrÃ¢nsito
16750,2022-08-03,1,1,43,Entregue
16751,2022-08-03,2,2,35,Entregue
16752,2022-08-03,3,3,21,Aguardando ConfirmaÃ§Ã£o
16753,2022-08-03,4,4,47,Aguardando ConfirmaÃ§Ã£o
16754,2022-08-03,5,5,35,Aguardando ConfirmaÃ§Ã£o
16755,2022-08-03,6,6,8,Em TrÃ¢nsito
16756,2022-08-03,7,7,8,Entregue
16757,2022-08-03,8,8,41,Em TrÃ¢nsito
16758,2022-08-03,9,9,12,Entregue
16759,2022-08-03,10,10,46,Aguardando ConfirmaÃ§Ã£o
16760,2022-08-04,1,1,10,Em TrÃ¢nsito
16761,2022-08-04,2,2,13,Em TrÃ¢nsito
16762,2022-08-04,3,3,46,Em TrÃ¢nsito
16763,2022-08-04,4,4,12,Aguardando ConfirmaÃ§Ã£o
16764,2022-08-04,5,5,36,Em TrÃ¢nsito
16765,2022-08-04,6,6,19,Em TrÃ¢nsito
16766,2022-08-04,7,7,22,Aguardando ConfirmaÃ§Ã£o
16767,2022-08-04,8,8,27,Entregue
16768,2022-08-04,9,9,9,Em TrÃ¢nsito
16769,2022-08-04,10,10,31,Aguardando ConfirmaÃ§Ã£o
16770,2022-08-05,1,1,37,Em TrÃ¢nsito
16771,2022-08-05,2,2,6,Em TrÃ¢nsito
16772,2022-08-05,3,3,46,Entregue
16773,2022-08-05,4,4,42,Aguardando ConfirmaÃ§Ã£o
16774,2022-08-05,5,5,32,Entregue
16775,2022-08-05,6,6,28,Entregue
16776,2022-08-05,7,7,25,Aguardando ConfirmaÃ§Ã£o
16777,2022-08-05,8,8,35,Entregue
16778,2022-08-05,9,9,15,Em TrÃ¢nsito
16779,2022-08-05,10,10,32,Aguardando ConfirmaÃ§Ã£o
16780,2022-08-06,1,1,44,Aguardando ConfirmaÃ§Ã£o
16781,2022-08-06,2,2,8,Em TrÃ¢nsito
16782,2022-08-06,3,3,47,Em TrÃ¢nsito
16783,2022-08-06,4,4,46,Em TrÃ¢nsito
16784,2022-08-06,5,5,20,Entregue
16785,2022-08-06,6,6,16,Entregue
16786,2022-08-06,7,7,26,Entregue
16787,2022-08-06,8,8,39,Entregue
16788,2022-08-06,9,9,47,Entregue
16789,2022-08-06,10,10,20,Entregue
16790,2022-08-07,1,1,28,Aguardando ConfirmaÃ§Ã£o
16791,2022-08-07,2,2,39,Aguardando ConfirmaÃ§Ã£o
16792,2022-08-07,3,3,32,Aguardando ConfirmaÃ§Ã£o
16793,2022-08-07,4,4,46,Aguardando ConfirmaÃ§Ã£o
16794,2022-08-07,5,5,33,Aguardando ConfirmaÃ§Ã£o
16795,2022-08-07,6,6,25,Aguardando ConfirmaÃ§Ã£o
16796,2022-08-07,7,7,29,Entregue
16797,2022-08-07,8,8,43,Aguardando ConfirmaÃ§Ã£o
16798,2022-08-07,9,9,35,Em TrÃ¢nsito
16799,2022-08-07,10,10,19,Aguardando ConfirmaÃ§Ã£o
16800,2022-08-08,1,1,46,Em TrÃ¢nsito
16801,2022-08-08,2,2,39,Em TrÃ¢nsito
16802,2022-08-08,3,3,42,Aguardando ConfirmaÃ§Ã£o
16803,2022-08-08,4,4,26,Entregue
16804,2022-08-08,5,5,9,Entregue
16805,2022-08-08,6,6,17,Em TrÃ¢nsito
16806,2022-08-08,7,7,36,Entregue
16807,2022-08-08,8,8,7,Em TrÃ¢nsito
16808,2022-08-08,9,9,19,Entregue
16809,2022-08-08,10,10,31,Entregue
16810,2022-08-09,1,1,31,Entregue
16811,2022-08-09,2,2,34,Entregue
16812,2022-08-09,3,3,10,Aguardando ConfirmaÃ§Ã£o
16813,2022-08-09,4,4,29,Aguardando ConfirmaÃ§Ã£o
16814,2022-08-09,5,5,32,Aguardando ConfirmaÃ§Ã£o
16815,2022-08-09,6,6,26,Em TrÃ¢nsito
16816,2022-08-09,7,7,8,Aguardando ConfirmaÃ§Ã£o
16817,2022-08-09,8,8,19,Aguardando ConfirmaÃ§Ã£o
16818,2022-08-09,9,9,30,Aguardando ConfirmaÃ§Ã£o
16819,2022-08-09,10,10,22,Entregue
16820,2022-08-10,1,1,13,Entregue
16821,2022-08-10,2,2,8,Entregue
16822,2022-08-10,3,3,9,Entregue
16823,2022-08-10,4,4,49,Entregue
16824,2022-08-10,5,5,10,Aguardando ConfirmaÃ§Ã£o
16825,2022-08-10,6,6,16,Aguardando ConfirmaÃ§Ã£o
16826,2022-08-10,7,7,35,Entregue
16827,2022-08-10,8,8,13,Entregue
16828,2022-08-10,9,9,11,Aguardando ConfirmaÃ§Ã£o
16829,2022-08-10,10,10,33,Aguardando ConfirmaÃ§Ã£o
16830,2022-08-11,1,1,18,Entregue
16831,2022-08-11,2,2,24,Em TrÃ¢nsito
16832,2022-08-11,3,3,36,Entregue
16833,2022-08-11,4,4,26,Aguardando ConfirmaÃ§Ã£o
16834,2022-08-11,5,5,40,Em TrÃ¢nsito
16835,2022-08-11,6,6,48,Entregue
16836,2022-08-11,7,7,22,Aguardando ConfirmaÃ§Ã£o
16837,2022-08-11,8,8,44,Aguardando ConfirmaÃ§Ã£o
16838,2022-08-11,9,9,29,Aguardando ConfirmaÃ§Ã£o
16839,2022-08-11,10,10,35,Entregue
16840,2022-08-12,1,1,39,Entregue
16841,2022-08-12,2,2,30,Em TrÃ¢nsito
16842,2022-08-12,3,3,8,Aguardando ConfirmaÃ§Ã£o
16843,2022-08-12,4,4,46,Aguardando ConfirmaÃ§Ã£o
16844,2022-08-12,5,5,24,Em TrÃ¢nsito
16845,2022-08-12,6,6,38,Entregue
16846,2022-08-12,7,7,16,Aguardando ConfirmaÃ§Ã£o
16847,2022-08-12,8,8,20,Em TrÃ¢nsito
16848,2022-08-12,9,9,46,Aguardando ConfirmaÃ§Ã£o
16849,2022-08-12,10,10,9,Entregue
16850,2022-08-13,1,1,48,Entregue
16851,2022-08-13,2,2,39,Em TrÃ¢nsito
16852,2022-08-13,3,3,48,Em TrÃ¢nsito
16853,2022-08-13,4,4,31,Aguardando ConfirmaÃ§Ã£o
16854,2022-08-13,5,5,5,Entregue
16855,2022-08-13,6,6,38,Entregue
16856,2022-08-13,7,7,47,Em TrÃ¢nsito
16857,2022-08-13,8,8,36,Em TrÃ¢nsito
16858,2022-08-13,9,9,48,Aguardando ConfirmaÃ§Ã£o
16859,2022-08-13,10,10,43,Entregue
16860,2022-08-14,1,1,37,Aguardando ConfirmaÃ§Ã£o
16861,2022-08-14,2,2,35,Aguardando ConfirmaÃ§Ã£o
16862,2022-08-14,3,3,17,Em TrÃ¢nsito
16863,2022-08-14,4,4,49,Entregue
16864,2022-08-14,5,5,6,Em TrÃ¢nsito
16865,2022-08-14,6,6,34,Aguardando ConfirmaÃ§Ã£o
16866,2022-08-14,7,7,14,Aguardando ConfirmaÃ§Ã£o
16867,2022-08-14,8,8,27,Entregue
16868,2022-08-14,9,9,37,Entregue
16869,2022-08-14,10,10,43,Entregue
16870,2022-08-15,1,1,49,Entregue
16871,2022-08-15,2,2,33,Em TrÃ¢nsito
16872,2022-08-15,3,3,34,Em TrÃ¢nsito
16873,2022-08-15,4,4,38,Em TrÃ¢nsito
16874,2022-08-15,5,5,43,Em TrÃ¢nsito
16875,2022-08-15,6,6,21,Aguardando ConfirmaÃ§Ã£o
16876,2022-08-15,7,7,26,Em TrÃ¢nsito
16877,2022-08-15,8,8,9,Em TrÃ¢nsito
16878,2022-08-15,9,9,15,Entregue
16879,2022-08-15,10,10,26,Aguardando ConfirmaÃ§Ã£o
16880,2022-08-16,1,1,36,Em TrÃ¢nsito
16881,2022-08-16,2,2,28,Aguardando ConfirmaÃ§Ã£o
16882,2022-08-16,3,3,15,Aguardando ConfirmaÃ§Ã£o
16883,2022-08-16,4,4,15,Aguardando ConfirmaÃ§Ã£o
16884,2022-08-16,5,5,21,Aguardando ConfirmaÃ§Ã£o
16885,2022-08-16,6,6,36,Entregue
16886,2022-08-16,7,7,23,Entregue
16887,2022-08-16,8,8,31,Aguardando ConfirmaÃ§Ã£o
16888,2022-08-16,9,9,36,Aguardando ConfirmaÃ§Ã£o
16889,2022-08-16,10,10,29,Aguardando ConfirmaÃ§Ã£o
16890,2022-08-17,1,1,32,Entregue
16891,2022-08-17,2,2,44,Entregue
16892,2022-08-17,3,3,31,Aguardando ConfirmaÃ§Ã£o
16893,2022-08-17,4,4,18,Aguardando ConfirmaÃ§Ã£o
16894,2022-08-17,5,5,46,Aguardando ConfirmaÃ§Ã£o
16895,2022-08-17,6,6,43,Aguardando ConfirmaÃ§Ã£o
16896,2022-08-17,7,7,6,Entregue
16897,2022-08-17,8,8,21,Em TrÃ¢nsito
16898,2022-08-17,9,9,5,Em TrÃ¢nsito
16899,2022-08-17,10,10,49,Entregue
16900,2022-08-18,1,1,36,Entregue
16901,2022-08-18,2,2,23,Em TrÃ¢nsito
16902,2022-08-18,3,3,18,Em TrÃ¢nsito
16903,2022-08-18,4,4,35,Em TrÃ¢nsito
16904,2022-08-18,5,5,22,Aguardando ConfirmaÃ§Ã£o
16905,2022-08-18,6,6,18,Em TrÃ¢nsito
16906,2022-08-18,7,7,18,Em TrÃ¢nsito
16907,2022-08-18,8,8,28,Aguardando ConfirmaÃ§Ã£o
16908,2022-08-18,9,9,9,Aguardando ConfirmaÃ§Ã£o
16909,2022-08-18,10,10,20,Entregue
16910,2022-08-19,1,1,9,Aguardando ConfirmaÃ§Ã£o
16911,2022-08-19,2,2,17,Em TrÃ¢nsito
16912,2022-08-19,3,3,20,Aguardando ConfirmaÃ§Ã£o
16913,2022-08-19,4,4,19,Entregue
16914,2022-08-19,5,5,35,Em TrÃ¢nsito
16915,2022-08-19,6,6,9,Entregue
16916,2022-08-19,7,7,25,Entregue
16917,2022-08-19,8,8,34,Entregue
16918,2022-08-19,9,9,27,Aguardando ConfirmaÃ§Ã£o
16919,2022-08-19,10,10,42,Aguardando ConfirmaÃ§Ã£o
16920,2022-08-20,1,1,33,Entregue
16921,2022-08-20,2,2,17,Entregue
16922,2022-08-20,3,3,36,Entregue
16923,2022-08-20,4,4,46,Entregue
16924,2022-08-20,5,5,31,Aguardando ConfirmaÃ§Ã£o
16925,2022-08-20,6,6,38,Aguardando ConfirmaÃ§Ã£o
16926,2022-08-20,7,7,49,Entregue
16927,2022-08-20,8,8,37,Aguardando ConfirmaÃ§Ã£o
16928,2022-08-20,9,9,8,Em TrÃ¢nsito
16929,2022-08-20,10,10,22,Aguardando ConfirmaÃ§Ã£o
16930,2022-08-21,1,1,10,Entregue
16931,2022-08-21,2,2,32,Aguardando ConfirmaÃ§Ã£o
16932,2022-08-21,3,3,48,Em TrÃ¢nsito
16933,2022-08-21,4,4,31,Em TrÃ¢nsito
16934,2022-08-21,5,5,30,Aguardando ConfirmaÃ§Ã£o
16935,2022-08-21,6,6,24,Em TrÃ¢nsito
16936,2022-08-21,7,7,17,Em TrÃ¢nsito
16937,2022-08-21,8,8,32,Aguardando ConfirmaÃ§Ã£o
16938,2022-08-21,9,9,38,Aguardando ConfirmaÃ§Ã£o
16939,2022-08-21,10,10,27,Aguardando ConfirmaÃ§Ã£o
16940,2022-08-22,1,1,14,Entregue
16941,2022-08-22,2,2,34,Entregue
16942,2022-08-22,3,3,26,Em TrÃ¢nsito
16943,2022-08-22,4,4,9,Em TrÃ¢nsito
16944,2022-08-22,5,5,48,Aguardando ConfirmaÃ§Ã£o
16945,2022-08-22,6,6,13,Em TrÃ¢nsito
16946,2022-08-22,7,7,47,Aguardando ConfirmaÃ§Ã£o
16947,2022-08-22,8,8,8,Entregue
16948,2022-08-22,9,9,46,Aguardando ConfirmaÃ§Ã£o
16949,2022-08-22,10,10,5,Em TrÃ¢nsito
16950,2022-08-23,1,1,38,Aguardando ConfirmaÃ§Ã£o
16951,2022-08-23,2,2,45,Aguardando ConfirmaÃ§Ã£o
16952,2022-08-23,3,3,30,Aguardando ConfirmaÃ§Ã£o
16953,2022-08-23,4,4,22,Em TrÃ¢nsito
16954,2022-08-23,5,5,20,Aguardando ConfirmaÃ§Ã£o
16955,2022-08-23,6,6,27,Aguardando ConfirmaÃ§Ã£o
16956,2022-08-23,7,7,40,Em TrÃ¢nsito
16957,2022-08-23,8,8,30,Entregue
16958,2022-08-23,9,9,6,Entregue
16959,2022-08-23,10,10,48,Em TrÃ¢nsito
16960,2022-08-24,1,1,9,Entregue
16961,2022-08-24,2,2,33,Aguardando ConfirmaÃ§Ã£o
16962,2022-08-24,3,3,8,Em TrÃ¢nsito
16963,2022-08-24,4,4,39,Aguardando ConfirmaÃ§Ã£o
16964,2022-08-24,5,5,26,Aguardando ConfirmaÃ§Ã£o
16965,2022-08-24,6,6,12,Em TrÃ¢nsito
16966,2022-08-24,7,7,48,Aguardando ConfirmaÃ§Ã£o
16967,2022-08-24,8,8,25,Em TrÃ¢nsito
16968,2022-08-24,9,9,12,Aguardando ConfirmaÃ§Ã£o
16969,2022-08-24,10,10,9,Entregue
16970,2022-08-25,1,1,25,Aguardando ConfirmaÃ§Ã£o
16971,2022-08-25,2,2,31,Aguardando ConfirmaÃ§Ã£o
16972,2022-08-25,3,3,42,Em TrÃ¢nsito
16973,2022-08-25,4,4,9,Entregue
16974,2022-08-25,5,5,25,Aguardando ConfirmaÃ§Ã£o
16975,2022-08-25,6,6,12,Aguardando ConfirmaÃ§Ã£o
16976,2022-08-25,7,7,26,Entregue
16977,2022-08-25,8,8,22,Entregue
16978,2022-08-25,9,9,8,Entregue
16979,2022-08-25,10,10,8,Entregue
16980,2022-08-26,1,1,41,Entregue
16981,2022-08-26,2,2,19,Aguardando ConfirmaÃ§Ã£o
16982,2022-08-26,3,3,42,Entregue
16983,2022-08-26,4,4,31,Entregue
16984,2022-08-26,5,5,25,Aguardando ConfirmaÃ§Ã£o
16985,2022-08-26,6,6,8,Em TrÃ¢nsito
16986,2022-08-26,7,7,15,Aguardando ConfirmaÃ§Ã£o
16987,2022-08-26,8,8,23,Em TrÃ¢nsito
16988,2022-08-26,9,9,23,Entregue
16989,2022-08-26,10,10,31,Em TrÃ¢nsito
16990,2022-08-27,1,1,44,Aguardando ConfirmaÃ§Ã£o
16991,2022-08-27,2,2,46,Em TrÃ¢nsito
16992,2022-08-27,3,3,32,Em TrÃ¢nsito
16993,2022-08-27,4,4,9,Em TrÃ¢nsito
16994,2022-08-27,5,5,29,Entregue
16995,2022-08-27,6,6,7,Aguardando ConfirmaÃ§Ã£o
16996,2022-08-27,7,7,30,Em TrÃ¢nsito
16997,2022-08-27,8,8,14,Entregue
16998,2022-08-27,9,9,28,Aguardando ConfirmaÃ§Ã£o
16999,2022-08-27,10,10,33,Aguardando ConfirmaÃ§Ã£o
17000,2022-08-28,1,1,49,Aguardando ConfirmaÃ§Ã£o
17001,2022-08-28,2,2,11,Aguardando ConfirmaÃ§Ã£o
17002,2022-08-28,3,3,48,Entregue
17003,2022-08-28,4,4,27,Aguardando ConfirmaÃ§Ã£o
17004,2022-08-28,5,5,31,Em TrÃ¢nsito
17005,2022-08-28,6,6,46,Aguardando ConfirmaÃ§Ã£o
17006,2022-08-28,7,7,13,Aguardando ConfirmaÃ§Ã£o
17007,2022-08-28,8,8,48,Entregue
17008,2022-08-28,9,9,7,Em TrÃ¢nsito
17009,2022-08-28,10,10,17,Em TrÃ¢nsito
17010,2022-08-29,1,1,10,Entregue
17011,2022-08-29,2,2,42,Entregue
17012,2022-08-29,3,3,25,Em TrÃ¢nsito
17013,2022-08-29,4,4,23,Em TrÃ¢nsito
17014,2022-08-29,5,5,29,Aguardando ConfirmaÃ§Ã£o
17015,2022-08-29,6,6,43,Entregue
17016,2022-08-29,7,7,8,Em TrÃ¢nsito
17017,2022-08-29,8,8,26,Em TrÃ¢nsito
17018,2022-08-29,9,9,9,Entregue
17019,2022-08-29,10,10,5,Entregue
17020,2022-08-30,1,1,21,Em TrÃ¢nsito
17021,2022-08-30,2,2,13,Entregue
17022,2022-08-30,3,3,13,Em TrÃ¢nsito
17023,2022-08-30,4,4,28,Em TrÃ¢nsito
17024,2022-08-30,5,5,14,Aguardando ConfirmaÃ§Ã£o
17025,2022-08-30,6,6,24,Aguardando ConfirmaÃ§Ã£o
17026,2022-08-30,7,7,21,Entregue
17027,2022-08-30,8,8,17,Entregue
17028,2022-08-30,9,9,33,Em TrÃ¢nsito
17029,2022-08-30,10,10,40,Aguardando ConfirmaÃ§Ã£o
17030,2022-08-31,1,1,27,Entregue
17031,2022-08-31,2,2,31,Em TrÃ¢nsito
17032,2022-08-31,3,3,22,Aguardando ConfirmaÃ§Ã£o
17033,2022-08-31,4,4,22,Em TrÃ¢nsito
17034,2022-08-31,5,5,13,Aguardando ConfirmaÃ§Ã£o
17035,2022-08-31,6,6,7,Em TrÃ¢nsito
17036,2022-08-31,7,7,11,Aguardando ConfirmaÃ§Ã£o
17037,2022-08-31,8,8,19,Em TrÃ¢nsito
17038,2022-08-31,9,9,34,Em TrÃ¢nsito
17039,2022-08-31,10,10,13,Entregue
17040,2022-09-01,1,1,45,Aguardando ConfirmaÃ§Ã£o
17041,2022-09-01,2,2,31,Aguardando ConfirmaÃ§Ã£o
17042,2022-09-01,3,3,40,Entregue
17043,2022-09-01,4,4,22,Entregue
17044,2022-09-01,5,5,35,Em TrÃ¢nsito
17045,2022-09-01,6,6,21,Aguardando ConfirmaÃ§Ã£o
17046,2022-09-01,7,7,10,Em TrÃ¢nsito
17047,2022-09-01,8,8,43,Em TrÃ¢nsito
17048,2022-09-01,9,9,29,Em TrÃ¢nsito
17049,2022-09-01,10,10,46,Entregue
17050,2022-09-02,1,1,46,Aguardando ConfirmaÃ§Ã£o
17051,2022-09-02,2,2,42,Entregue
17052,2022-09-02,3,3,42,Entregue
17053,2022-09-02,4,4,35,Aguardando ConfirmaÃ§Ã£o
17054,2022-09-02,5,5,33,Aguardando ConfirmaÃ§Ã£o
17055,2022-09-02,6,6,44,Entregue
17056,2022-09-02,7,7,13,Entregue
17057,2022-09-02,8,8,5,Entregue
17058,2022-09-02,9,9,20,Aguardando ConfirmaÃ§Ã£o
17059,2022-09-02,10,10,42,Aguardando ConfirmaÃ§Ã£o
17060,2022-09-03,1,1,27,Em TrÃ¢nsito
17061,2022-09-03,2,2,12,Aguardando ConfirmaÃ§Ã£o
17062,2022-09-03,3,3,16,Entregue
17063,2022-09-03,4,4,14,Aguardando ConfirmaÃ§Ã£o
17064,2022-09-03,5,5,20,Aguardando ConfirmaÃ§Ã£o
17065,2022-09-03,6,6,47,Aguardando ConfirmaÃ§Ã£o
17066,2022-09-03,7,7,28,Entregue
17067,2022-09-03,8,8,43,Em TrÃ¢nsito
17068,2022-09-03,9,9,12,Em TrÃ¢nsito
17069,2022-09-03,10,10,15,Entregue
17070,2022-09-04,1,1,45,Entregue
17071,2022-09-04,2,2,30,Em TrÃ¢nsito
17072,2022-09-04,3,3,11,Entregue
17073,2022-09-04,4,4,19,Aguardando ConfirmaÃ§Ã£o
17074,2022-09-04,5,5,19,Aguardando ConfirmaÃ§Ã£o
17075,2022-09-04,6,6,7,Em TrÃ¢nsito
17076,2022-09-04,7,7,20,Aguardando ConfirmaÃ§Ã£o
17077,2022-09-04,8,8,19,Em TrÃ¢nsito
17078,2022-09-04,9,9,29,Entregue
17079,2022-09-04,10,10,37,Em TrÃ¢nsito
17080,2022-09-05,1,1,18,Em TrÃ¢nsito
17081,2022-09-05,2,2,28,Aguardando ConfirmaÃ§Ã£o
17082,2022-09-05,3,3,15,Em TrÃ¢nsito
17083,2022-09-05,4,4,7,Em TrÃ¢nsito
17084,2022-09-05,5,5,13,Em TrÃ¢nsito
17085,2022-09-05,6,6,10,Entregue
17086,2022-09-05,7,7,35,Aguardando ConfirmaÃ§Ã£o
17087,2022-09-05,8,8,20,Aguardando ConfirmaÃ§Ã£o
17088,2022-09-05,9,9,15,Em TrÃ¢nsito
17089,2022-09-05,10,10,21,Em TrÃ¢nsito
17090,2022-09-06,1,1,7,Entregue
17091,2022-09-06,2,2,23,Aguardando ConfirmaÃ§Ã£o
17092,2022-09-06,3,3,28,Aguardando ConfirmaÃ§Ã£o
17093,2022-09-06,4,4,46,Em TrÃ¢nsito
17094,2022-09-06,5,5,12,Entregue
17095,2022-09-06,6,6,40,Entregue
17096,2022-09-06,7,7,44,Em TrÃ¢nsito
17097,2022-09-06,8,8,6,Em TrÃ¢nsito
17098,2022-09-06,9,9,27,Em TrÃ¢nsito
17099,2022-09-06,10,10,44,Em TrÃ¢nsito
17100,2022-09-07,1,1,34,Em TrÃ¢nsito
17101,2022-09-07,2,2,29,Entregue
17102,2022-09-07,3,3,11,Entregue
17103,2022-09-07,4,4,32,Em TrÃ¢nsito
17104,2022-09-07,5,5,45,Em TrÃ¢nsito
17105,2022-09-07,6,6,21,Aguardando ConfirmaÃ§Ã£o
17106,2022-09-07,7,7,36,Entregue
17107,2022-09-07,8,8,5,Entregue
17108,2022-09-07,9,9,31,Em TrÃ¢nsito
17109,2022-09-07,10,10,48,Entregue
17110,2022-09-08,1,1,40,Entregue
17111,2022-09-08,2,2,11,Entregue
17112,2022-09-08,3,3,7,Aguardando ConfirmaÃ§Ã£o
17113,2022-09-08,4,4,34,Entregue
17114,2022-09-08,5,5,5,Em TrÃ¢nsito
17115,2022-09-08,6,6,38,Entregue
17116,2022-09-08,7,7,42,Entregue
17117,2022-09-08,8,8,47,Aguardando ConfirmaÃ§Ã£o
17118,2022-09-08,9,9,40,Entregue
17119,2022-09-08,10,10,37,Aguardando ConfirmaÃ§Ã£o
17120,2022-09-09,1,1,47,Aguardando ConfirmaÃ§Ã£o
17121,2022-09-09,2,2,20,Aguardando ConfirmaÃ§Ã£o
17122,2022-09-09,3,3,42,Entregue
17123,2022-09-09,4,4,15,Em TrÃ¢nsito
17124,2022-09-09,5,5,12,Em TrÃ¢nsito
17125,2022-09-09,6,6,5,Entregue
17126,2022-09-09,7,7,18,Aguardando ConfirmaÃ§Ã£o
17127,2022-09-09,8,8,34,Em TrÃ¢nsito
17128,2022-09-09,9,9,25,Entregue
17129,2022-09-09,10,10,25,Em TrÃ¢nsito
17130,2022-09-10,1,1,38,Entregue
17131,2022-09-10,2,2,42,Aguardando ConfirmaÃ§Ã£o
17132,2022-09-10,3,3,30,Em TrÃ¢nsito
17133,2022-09-10,4,4,45,Entregue
17134,2022-09-10,5,5,18,Entregue
17135,2022-09-10,6,6,44,Em TrÃ¢nsito
17136,2022-09-10,7,7,39,Entregue
17137,2022-09-10,8,8,46,Em TrÃ¢nsito
17138,2022-09-10,9,9,22,Entregue
17139,2022-09-10,10,10,24,Em TrÃ¢nsito
17140,2022-09-11,1,1,13,Aguardando ConfirmaÃ§Ã£o
17141,2022-09-11,2,2,45,Em TrÃ¢nsito
17142,2022-09-11,3,3,49,Entregue
17143,2022-09-11,4,4,37,Aguardando ConfirmaÃ§Ã£o
17144,2022-09-11,5,5,8,Aguardando ConfirmaÃ§Ã£o
17145,2022-09-11,6,6,8,Em TrÃ¢nsito
17146,2022-09-11,7,7,20,Em TrÃ¢nsito
17147,2022-09-11,8,8,30,Em TrÃ¢nsito
17148,2022-09-11,9,9,10,Aguardando ConfirmaÃ§Ã£o
17149,2022-09-11,10,10,41,Aguardando ConfirmaÃ§Ã£o
17150,2022-09-12,1,1,26,Em TrÃ¢nsito
17151,2022-09-12,2,2,46,Entregue
17152,2022-09-12,3,3,43,Aguardando ConfirmaÃ§Ã£o
17153,2022-09-12,4,4,11,Em TrÃ¢nsito
17154,2022-09-12,5,5,46,Entregue
17155,2022-09-12,6,6,34,Em TrÃ¢nsito
17156,2022-09-12,7,7,14,Aguardando ConfirmaÃ§Ã£o
17157,2022-09-12,8,8,19,Aguardando ConfirmaÃ§Ã£o
17158,2022-09-12,9,9,10,Em TrÃ¢nsito
17159,2022-09-12,10,10,28,Entregue
17160,2022-09-13,1,1,6,Aguardando ConfirmaÃ§Ã£o
17161,2022-09-13,2,2,44,Em TrÃ¢nsito
17162,2022-09-13,3,3,19,Em TrÃ¢nsito
17163,2022-09-13,4,4,25,Entregue
17164,2022-09-13,5,5,22,Entregue
17165,2022-09-13,6,6,9,Aguardando ConfirmaÃ§Ã£o
17166,2022-09-13,7,7,29,Entregue
17167,2022-09-13,8,8,40,Entregue
17168,2022-09-13,9,9,14,Aguardando ConfirmaÃ§Ã£o
17169,2022-09-13,10,10,27,Em TrÃ¢nsito
17170,2022-09-14,1,1,28,Aguardando ConfirmaÃ§Ã£o
17171,2022-09-14,2,2,49,Aguardando ConfirmaÃ§Ã£o
17172,2022-09-14,3,3,14,Entregue
17173,2022-09-14,4,4,10,Entregue
17174,2022-09-14,5,5,17,Em TrÃ¢nsito
17175,2022-09-14,6,6,25,Entregue
17176,2022-09-14,7,7,36,Em TrÃ¢nsito
17177,2022-09-14,8,8,47,Em TrÃ¢nsito
17178,2022-09-14,9,9,19,Em TrÃ¢nsito
17179,2022-09-14,10,10,6,Aguardando ConfirmaÃ§Ã£o
17180,2022-09-15,1,1,19,Entregue
17181,2022-09-15,2,2,21,Entregue
17182,2022-09-15,3,3,24,Em TrÃ¢nsito
17183,2022-09-15,4,4,10,Entregue
17184,2022-09-15,5,5,19,Em TrÃ¢nsito
17185,2022-09-15,6,6,21,Entregue
17186,2022-09-15,7,7,30,Aguardando ConfirmaÃ§Ã£o
17187,2022-09-15,8,8,26,Entregue
17188,2022-09-15,9,9,13,Em TrÃ¢nsito
17189,2022-09-15,10,10,16,Aguardando ConfirmaÃ§Ã£o
17190,2022-09-16,1,1,26,Entregue
17191,2022-09-16,2,2,27,Aguardando ConfirmaÃ§Ã£o
17192,2022-09-16,3,3,41,Em TrÃ¢nsito
17193,2022-09-16,4,4,18,Em TrÃ¢nsito
17194,2022-09-16,5,5,28,Entregue
17195,2022-09-16,6,6,12,Em TrÃ¢nsito
17196,2022-09-16,7,7,30,Entregue
17197,2022-09-16,8,8,36,Em TrÃ¢nsito
17198,2022-09-16,9,9,32,Em TrÃ¢nsito
17199,2022-09-16,10,10,36,Em TrÃ¢nsito
17200,2022-09-17,1,1,26,Entregue
17201,2022-09-17,2,2,13,Entregue
17202,2022-09-17,3,3,7,Entregue
17203,2022-09-17,4,4,29,Entregue
17204,2022-09-17,5,5,43,Em TrÃ¢nsito
17205,2022-09-17,6,6,16,Aguardando ConfirmaÃ§Ã£o
17206,2022-09-17,7,7,33,Entregue
17207,2022-09-17,8,8,7,Em TrÃ¢nsito
17208,2022-09-17,9,9,45,Em TrÃ¢nsito
17209,2022-09-17,10,10,27,Entregue
17210,2022-09-18,1,1,27,Entregue
17211,2022-09-18,2,2,22,Em TrÃ¢nsito
17212,2022-09-18,3,3,15,Entregue
17213,2022-09-18,4,4,40,Entregue
17214,2022-09-18,5,5,30,Aguardando ConfirmaÃ§Ã£o
17215,2022-09-18,6,6,12,Aguardando ConfirmaÃ§Ã£o
17216,2022-09-18,7,7,32,Entregue
17217,2022-09-18,8,8,22,Aguardando ConfirmaÃ§Ã£o
17218,2022-09-18,9,9,17,Aguardando ConfirmaÃ§Ã£o
17219,2022-09-18,10,10,40,Entregue
17220,2022-09-19,1,1,46,Em TrÃ¢nsito
17221,2022-09-19,2,2,44,Em TrÃ¢nsito
17222,2022-09-19,3,3,48,Em TrÃ¢nsito
17223,2022-09-19,4,4,16,Em TrÃ¢nsito
17224,2022-09-19,5,5,26,Aguardando ConfirmaÃ§Ã£o
17225,2022-09-19,6,6,6,Aguardando ConfirmaÃ§Ã£o
17226,2022-09-19,7,7,44,Entregue
17227,2022-09-19,8,8,32,Entregue
17228,2022-09-19,9,9,17,Em TrÃ¢nsito
17229,2022-09-19,10,10,37,Em TrÃ¢nsito
17230,2022-09-20,1,1,7,Entregue
17231,2022-09-20,2,2,38,Entregue
17232,2022-09-20,3,3,27,Em TrÃ¢nsito
17233,2022-09-20,4,4,36,Aguardando ConfirmaÃ§Ã£o
17234,2022-09-20,5,5,24,Aguardando ConfirmaÃ§Ã£o
17235,2022-09-20,6,6,32,Aguardando ConfirmaÃ§Ã£o
17236,2022-09-20,7,7,12,Aguardando ConfirmaÃ§Ã£o
17237,2022-09-20,8,8,7,Aguardando ConfirmaÃ§Ã£o
17238,2022-09-20,9,9,34,Entregue
17239,2022-09-20,10,10,29,Entregue
17240,2022-09-21,1,1,34,Em TrÃ¢nsito
17241,2022-09-21,2,2,33,Entregue
17242,2022-09-21,3,3,34,Entregue
17243,2022-09-21,4,4,38,Entregue
17244,2022-09-21,5,5,29,Entregue
17245,2022-09-21,6,6,21,Em TrÃ¢nsito
17246,2022-09-21,7,7,28,Entregue
17247,2022-09-21,8,8,42,Entregue
17248,2022-09-21,9,9,32,Em TrÃ¢nsito
17249,2022-09-21,10,10,37,Entregue
17250,2022-09-22,1,1,40,Em TrÃ¢nsito
17251,2022-09-22,2,2,11,Aguardando ConfirmaÃ§Ã£o
17252,2022-09-22,3,3,27,Aguardando ConfirmaÃ§Ã£o
17253,2022-09-22,4,4,30,Entregue
17254,2022-09-22,5,5,18,Entregue
17255,2022-09-22,6,6,46,Entregue
17256,2022-09-22,7,7,32,Entregue
17257,2022-09-22,8,8,28,Aguardando ConfirmaÃ§Ã£o
17258,2022-09-22,9,9,11,Aguardando ConfirmaÃ§Ã£o
17259,2022-09-22,10,10,40,Entregue
17260,2022-09-23,1,1,43,Em TrÃ¢nsito
17261,2022-09-23,2,2,19,Em TrÃ¢nsito
17262,2022-09-23,3,3,7,Aguardando ConfirmaÃ§Ã£o
17263,2022-09-23,4,4,6,Em TrÃ¢nsito
17264,2022-09-23,5,5,11,Entregue
17265,2022-09-23,6,6,20,Entregue
17266,2022-09-23,7,7,25,Entregue
17267,2022-09-23,8,8,13,Entregue
17268,2022-09-23,9,9,16,Entregue
17269,2022-09-23,10,10,33,Em TrÃ¢nsito
17270,2022-09-24,1,1,28,Em TrÃ¢nsito
17271,2022-09-24,2,2,37,Aguardando ConfirmaÃ§Ã£o
17272,2022-09-24,3,3,18,Aguardando ConfirmaÃ§Ã£o
17273,2022-09-24,4,4,47,Em TrÃ¢nsito
17274,2022-09-24,5,5,22,Em TrÃ¢nsito
17275,2022-09-24,6,6,9,Aguardando ConfirmaÃ§Ã£o
17276,2022-09-24,7,7,19,Entregue
17277,2022-09-24,8,8,11,Aguardando ConfirmaÃ§Ã£o
17278,2022-09-24,9,9,29,Aguardando ConfirmaÃ§Ã£o
17279,2022-09-24,10,10,18,Em TrÃ¢nsito
17280,2022-09-25,1,1,44,Aguardando ConfirmaÃ§Ã£o
17281,2022-09-25,2,2,40,Aguardando ConfirmaÃ§Ã£o
17282,2022-09-25,3,3,39,Em TrÃ¢nsito
17283,2022-09-25,4,4,48,Entregue
17284,2022-09-25,5,5,28,Entregue
17285,2022-09-25,6,6,19,Entregue
17286,2022-09-25,7,7,15,Em TrÃ¢nsito
17287,2022-09-25,8,8,28,Aguardando ConfirmaÃ§Ã£o
17288,2022-09-25,9,9,15,Entregue
17289,2022-09-25,10,10,48,Aguardando ConfirmaÃ§Ã£o
17290,2022-09-26,1,1,21,Em TrÃ¢nsito
17291,2022-09-26,2,2,10,Entregue
17292,2022-09-26,3,3,25,Entregue
17293,2022-09-26,4,4,12,Aguardando ConfirmaÃ§Ã£o
17294,2022-09-26,5,5,19,Entregue
17295,2022-09-26,6,6,36,Em TrÃ¢nsito
17296,2022-09-26,7,7,14,Aguardando ConfirmaÃ§Ã£o
17297,2022-09-26,8,8,32,Aguardando ConfirmaÃ§Ã£o
17298,2022-09-26,9,9,19,Entregue
17299,2022-09-26,10,10,16,Entregue
17300,2022-09-27,1,1,47,Entregue
17301,2022-09-27,2,2,22,Entregue
17302,2022-09-27,3,3,41,Aguardando ConfirmaÃ§Ã£o
17303,2022-09-27,4,4,48,Aguardando ConfirmaÃ§Ã£o
17304,2022-09-27,5,5,28,Entregue
17305,2022-09-27,6,6,41,Aguardando ConfirmaÃ§Ã£o
17306,2022-09-27,7,7,33,Em TrÃ¢nsito
17307,2022-09-27,8,8,14,Aguardando ConfirmaÃ§Ã£o
17308,2022-09-27,9,9,18,Em TrÃ¢nsito
17309,2022-09-27,10,10,20,Em TrÃ¢nsito
17310,2022-09-28,1,1,41,Em TrÃ¢nsito
17311,2022-09-28,2,2,15,Entregue
17312,2022-09-28,3,3,30,Aguardando ConfirmaÃ§Ã£o
17313,2022-09-28,4,4,44,Em TrÃ¢nsito
17314,2022-09-28,5,5,23,Entregue
17315,2022-09-28,6,6,22,Aguardando ConfirmaÃ§Ã£o
17316,2022-09-28,7,7,34,Aguardando ConfirmaÃ§Ã£o
17317,2022-09-28,8,8,36,Entregue
17318,2022-09-28,9,9,27,Aguardando ConfirmaÃ§Ã£o
17319,2022-09-28,10,10,16,Entregue
17320,2022-09-29,1,1,17,Entregue
17321,2022-09-29,2,2,25,Entregue
17322,2022-09-29,3,3,25,Aguardando ConfirmaÃ§Ã£o
17323,2022-09-29,4,4,33,Entregue
17324,2022-09-29,5,5,33,Entregue
17325,2022-09-29,6,6,31,Aguardando ConfirmaÃ§Ã£o
17326,2022-09-29,7,7,33,Em TrÃ¢nsito
17327,2022-09-29,8,8,19,Entregue
17328,2022-09-29,9,9,16,Entregue
17329,2022-09-29,10,10,45,Em TrÃ¢nsito
17330,2022-09-30,1,1,23,Aguardando ConfirmaÃ§Ã£o
17331,2022-09-30,2,2,16,Aguardando ConfirmaÃ§Ã£o
17332,2022-09-30,3,3,27,Aguardando ConfirmaÃ§Ã£o
17333,2022-09-30,4,4,9,Entregue
17334,2022-09-30,5,5,30,Em TrÃ¢nsito
17335,2022-09-30,6,6,14,Aguardando ConfirmaÃ§Ã£o
17336,2022-09-30,7,7,26,Em TrÃ¢nsito
17337,2022-09-30,8,8,43,Aguardando ConfirmaÃ§Ã£o
17338,2022-09-30,9,9,27,Entregue
17339,2022-09-30,10,10,15,Aguardando ConfirmaÃ§Ã£o
17340,2022-10-01,1,1,32,Em TrÃ¢nsito
17341,2022-10-01,2,2,35,Em TrÃ¢nsito
17342,2022-10-01,3,3,12,Em TrÃ¢nsito
17343,2022-10-01,4,4,43,Entregue
17344,2022-10-01,5,5,32,Aguardando ConfirmaÃ§Ã£o
17345,2022-10-01,6,6,20,Entregue
17346,2022-10-01,7,7,35,Entregue
17347,2022-10-01,8,8,45,Em TrÃ¢nsito
17348,2022-10-01,9,9,20,Em TrÃ¢nsito
17349,2022-10-01,10,10,9,Entregue
17350,2022-10-02,1,1,39,Entregue
17351,2022-10-02,2,2,29,Aguardando ConfirmaÃ§Ã£o
17352,2022-10-02,3,3,17,Em TrÃ¢nsito
17353,2022-10-02,4,4,33,Em TrÃ¢nsito
17354,2022-10-02,5,5,31,Em TrÃ¢nsito
17355,2022-10-02,6,6,44,Aguardando ConfirmaÃ§Ã£o
17356,2022-10-02,7,7,21,Aguardando ConfirmaÃ§Ã£o
17357,2022-10-02,8,8,41,Em TrÃ¢nsito
17358,2022-10-02,9,9,42,Em TrÃ¢nsito
17359,2022-10-02,10,10,33,Entregue
17360,2022-10-03,1,1,38,Entregue
17361,2022-10-03,2,2,34,Aguardando ConfirmaÃ§Ã£o
17362,2022-10-03,3,3,35,Em TrÃ¢nsito
17363,2022-10-03,4,4,26,Entregue
17364,2022-10-03,5,5,29,Entregue
17365,2022-10-03,6,6,8,Em TrÃ¢nsito
17366,2022-10-03,7,7,39,Em TrÃ¢nsito
17367,2022-10-03,8,8,45,Entregue
17368,2022-10-03,9,9,48,Em TrÃ¢nsito
17369,2022-10-03,10,10,13,Em TrÃ¢nsito
17370,2022-10-04,1,1,30,Aguardando ConfirmaÃ§Ã£o
17371,2022-10-04,2,2,31,Entregue
17372,2022-10-04,3,3,31,Entregue
17373,2022-10-04,4,4,22,Aguardando ConfirmaÃ§Ã£o
17374,2022-10-04,5,5,34,Aguardando ConfirmaÃ§Ã£o
17375,2022-10-04,6,6,49,Entregue
17376,2022-10-04,7,7,35,Entregue
17377,2022-10-04,8,8,46,Em TrÃ¢nsito
17378,2022-10-04,9,9,7,Em TrÃ¢nsito
17379,2022-10-04,10,10,33,Entregue
17380,2022-10-05,1,1,11,Em TrÃ¢nsito
17381,2022-10-05,2,2,22,Em TrÃ¢nsito
17382,2022-10-05,3,3,20,Em TrÃ¢nsito
17383,2022-10-05,4,4,36,Aguardando ConfirmaÃ§Ã£o
17384,2022-10-05,5,5,42,Entregue
17385,2022-10-05,6,6,29,Entregue
17386,2022-10-05,7,7,48,Entregue
17387,2022-10-05,8,8,36,Em TrÃ¢nsito
17388,2022-10-05,9,9,23,Em TrÃ¢nsito
17389,2022-10-05,10,10,7,Aguardando ConfirmaÃ§Ã£o
17390,2022-10-06,1,1,39,Aguardando ConfirmaÃ§Ã£o
17391,2022-10-06,2,2,33,Entregue
17392,2022-10-06,3,3,15,Aguardando ConfirmaÃ§Ã£o
17393,2022-10-06,4,4,10,Aguardando ConfirmaÃ§Ã£o
17394,2022-10-06,5,5,23,Em TrÃ¢nsito
17395,2022-10-06,6,6,41,Entregue
17396,2022-10-06,7,7,49,Entregue
17397,2022-10-06,8,8,31,Aguardando ConfirmaÃ§Ã£o
17398,2022-10-06,9,9,9,Em TrÃ¢nsito
17399,2022-10-06,10,10,30,Aguardando ConfirmaÃ§Ã£o
17400,2022-10-07,1,1,39,Aguardando ConfirmaÃ§Ã£o
17401,2022-10-07,2,2,23,Entregue
17402,2022-10-07,3,3,21,Em TrÃ¢nsito
17403,2022-10-07,4,4,39,Aguardando ConfirmaÃ§Ã£o
17404,2022-10-07,5,5,17,Aguardando ConfirmaÃ§Ã£o
17405,2022-10-07,6,6,18,Em TrÃ¢nsito
17406,2022-10-07,7,7,34,Aguardando ConfirmaÃ§Ã£o
17407,2022-10-07,8,8,47,Entregue
17408,2022-10-07,9,9,21,Aguardando ConfirmaÃ§Ã£o
17409,2022-10-07,10,10,41,Entregue
17410,2022-10-08,1,1,19,Entregue
17411,2022-10-08,2,2,22,Entregue
17412,2022-10-08,3,3,18,Entregue
17413,2022-10-08,4,4,18,Entregue
17414,2022-10-08,5,5,49,Entregue
17415,2022-10-08,6,6,37,Aguardando ConfirmaÃ§Ã£o
17416,2022-10-08,7,7,42,Em TrÃ¢nsito
17417,2022-10-08,8,8,15,Aguardando ConfirmaÃ§Ã£o
17418,2022-10-08,9,9,15,Em TrÃ¢nsito
17419,2022-10-08,10,10,30,Aguardando ConfirmaÃ§Ã£o
17420,2022-10-09,1,1,7,Em TrÃ¢nsito
17421,2022-10-09,2,2,29,Aguardando ConfirmaÃ§Ã£o
17422,2022-10-09,3,3,21,Entregue
17423,2022-10-09,4,4,26,Em TrÃ¢nsito
17424,2022-10-09,5,5,33,Aguardando ConfirmaÃ§Ã£o
17425,2022-10-09,6,6,30,Entregue
17426,2022-10-09,7,7,38,Aguardando ConfirmaÃ§Ã£o
17427,2022-10-09,8,8,30,Em TrÃ¢nsito
17428,2022-10-09,9,9,13,Aguardando ConfirmaÃ§Ã£o
17429,2022-10-09,10,10,44,Aguardando ConfirmaÃ§Ã£o
17430,2022-10-10,1,1,15,Entregue
17431,2022-10-10,2,2,11,Entregue
17432,2022-10-10,3,3,34,Entregue
17433,2022-10-10,4,4,6,Em TrÃ¢nsito
17434,2022-10-10,5,5,34,Entregue
17435,2022-10-10,6,6,8,Em TrÃ¢nsito
17436,2022-10-10,7,7,18,Entregue
17437,2022-10-10,8,8,17,Entregue
17438,2022-10-10,9,9,29,Entregue
17439,2022-10-10,10,10,17,Entregue
17440,2022-10-11,1,1,17,Em TrÃ¢nsito
17441,2022-10-11,2,2,41,Em TrÃ¢nsito
17442,2022-10-11,3,3,48,Em TrÃ¢nsito
17443,2022-10-11,4,4,10,Entregue
17444,2022-10-11,5,5,30,Entregue
17445,2022-10-11,6,6,18,Entregue
17446,2022-10-11,7,7,12,Em TrÃ¢nsito
17447,2022-10-11,8,8,28,Aguardando ConfirmaÃ§Ã£o
17448,2022-10-11,9,9,26,Aguardando ConfirmaÃ§Ã£o
17449,2022-10-11,10,10,44,Aguardando ConfirmaÃ§Ã£o
17450,2022-10-12,1,1,43,Em TrÃ¢nsito
17451,2022-10-12,2,2,25,Aguardando ConfirmaÃ§Ã£o
17452,2022-10-12,3,3,47,Em TrÃ¢nsito
17453,2022-10-12,4,4,30,Em TrÃ¢nsito
17454,2022-10-12,5,5,14,Entregue
17455,2022-10-12,6,6,17,Entregue
17456,2022-10-12,7,7,46,Em TrÃ¢nsito
17457,2022-10-12,8,8,18,Aguardando ConfirmaÃ§Ã£o
17458,2022-10-12,9,9,13,Em TrÃ¢nsito
17459,2022-10-12,10,10,11,Em TrÃ¢nsito
17460,2022-10-13,1,1,43,Aguardando ConfirmaÃ§Ã£o
17461,2022-10-13,2,2,35,Entregue
17462,2022-10-13,3,3,20,Em TrÃ¢nsito
17463,2022-10-13,4,4,12,Entregue
17464,2022-10-13,5,5,19,Entregue
17465,2022-10-13,6,6,29,Entregue
17466,2022-10-13,7,7,42,Em TrÃ¢nsito
17467,2022-10-13,8,8,45,Aguardando ConfirmaÃ§Ã£o
17468,2022-10-13,9,9,19,Aguardando ConfirmaÃ§Ã£o
17469,2022-10-13,10,10,29,Entregue
17470,2022-10-14,1,1,11,Entregue
17471,2022-10-14,2,2,30,Aguardando ConfirmaÃ§Ã£o
17472,2022-10-14,3,3,12,Entregue
17473,2022-10-14,4,4,22,Aguardando ConfirmaÃ§Ã£o
17474,2022-10-14,5,5,25,Aguardando ConfirmaÃ§Ã£o
17475,2022-10-14,6,6,20,Em TrÃ¢nsito
17476,2022-10-14,7,7,7,Entregue
17477,2022-10-14,8,8,5,Entregue
17478,2022-10-14,9,9,17,Em TrÃ¢nsito
17479,2022-10-14,10,10,36,Aguardando ConfirmaÃ§Ã£o
17480,2022-10-15,1,1,16,Entregue
17481,2022-10-15,2,2,35,Em TrÃ¢nsito
17482,2022-10-15,3,3,45,Aguardando ConfirmaÃ§Ã£o
17483,2022-10-15,4,4,6,Em TrÃ¢nsito
17484,2022-10-15,5,5,45,Em TrÃ¢nsito
17485,2022-10-15,6,6,12,Em TrÃ¢nsito
17486,2022-10-15,7,7,29,Em TrÃ¢nsito
17487,2022-10-15,8,8,9,Aguardando ConfirmaÃ§Ã£o
17488,2022-10-15,9,9,49,Em TrÃ¢nsito
17489,2022-10-15,10,10,6,Aguardando ConfirmaÃ§Ã£o
17490,2022-10-16,1,1,46,Em TrÃ¢nsito
17491,2022-10-16,2,2,42,Em TrÃ¢nsito
17492,2022-10-16,3,3,43,Entregue
17493,2022-10-16,4,4,7,Entregue
17494,2022-10-16,5,5,42,Entregue
17495,2022-10-16,6,6,26,Entregue
17496,2022-10-16,7,7,44,Em TrÃ¢nsito
17497,2022-10-16,8,8,37,Em TrÃ¢nsito
17498,2022-10-16,9,9,36,Aguardando ConfirmaÃ§Ã£o
17499,2022-10-16,10,10,21,Em TrÃ¢nsito
17500,2022-10-17,1,1,22,Aguardando ConfirmaÃ§Ã£o
17501,2022-10-17,2,2,7,Em TrÃ¢nsito
17502,2022-10-17,3,3,10,Em TrÃ¢nsito
17503,2022-10-17,4,4,17,Aguardando ConfirmaÃ§Ã£o
17504,2022-10-17,5,5,35,Entregue
17505,2022-10-17,6,6,21,Em TrÃ¢nsito
17506,2022-10-17,7,7,25,Entregue
17507,2022-10-17,8,8,20,Aguardando ConfirmaÃ§Ã£o
17508,2022-10-17,9,9,21,Em TrÃ¢nsito
17509,2022-10-17,10,10,36,Aguardando ConfirmaÃ§Ã£o
17510,2022-10-18,1,1,5,Em TrÃ¢nsito
17511,2022-10-18,2,2,42,Aguardando ConfirmaÃ§Ã£o
17512,2022-10-18,3,3,12,Aguardando ConfirmaÃ§Ã£o
17513,2022-10-18,4,4,5,Entregue
17514,2022-10-18,5,5,6,Entregue
17515,2022-10-18,6,6,41,Entregue
17516,2022-10-18,7,7,28,Em TrÃ¢nsito
17517,2022-10-18,8,8,31,Aguardando ConfirmaÃ§Ã£o
17518,2022-10-18,9,9,24,Entregue
17519,2022-10-18,10,10,25,Em TrÃ¢nsito
17520,2022-10-19,1,1,46,Entregue
17521,2022-10-19,2,2,41,Em TrÃ¢nsito
17522,2022-10-19,3,3,39,Aguardando ConfirmaÃ§Ã£o
17523,2022-10-19,4,4,42,Aguardando ConfirmaÃ§Ã£o
17524,2022-10-19,5,5,19,Aguardando ConfirmaÃ§Ã£o
17525,2022-10-19,6,6,46,Em TrÃ¢nsito
17526,2022-10-19,7,7,34,Aguardando ConfirmaÃ§Ã£o
17527,2022-10-19,8,8,8,Em TrÃ¢nsito
17528,2022-10-19,9,9,47,Em TrÃ¢nsito
17529,2022-10-19,10,10,43,Em TrÃ¢nsito
17530,2022-10-20,1,1,19,Aguardando ConfirmaÃ§Ã£o
17531,2022-10-20,2,2,27,Aguardando ConfirmaÃ§Ã£o
17532,2022-10-20,3,3,45,Aguardando ConfirmaÃ§Ã£o
17533,2022-10-20,4,4,19,Em TrÃ¢nsito
17534,2022-10-20,5,5,30,Aguardando ConfirmaÃ§Ã£o
17535,2022-10-20,6,6,16,Em TrÃ¢nsito
17536,2022-10-20,7,7,22,Aguardando ConfirmaÃ§Ã£o
17537,2022-10-20,8,8,10,Em TrÃ¢nsito
17538,2022-10-20,9,9,22,Entregue
17539,2022-10-20,10,10,28,Aguardando ConfirmaÃ§Ã£o
17540,2022-10-21,1,1,42,Aguardando ConfirmaÃ§Ã£o
17541,2022-10-21,2,2,32,Em TrÃ¢nsito
17542,2022-10-21,3,3,19,Em TrÃ¢nsito
17543,2022-10-21,4,4,23,Em TrÃ¢nsito
17544,2022-10-21,5,5,9,Entregue
17545,2022-10-21,6,6,8,Aguardando ConfirmaÃ§Ã£o
17546,2022-10-21,7,7,21,Em TrÃ¢nsito
17547,2022-10-21,8,8,14,Entregue
17548,2022-10-21,9,9,16,Entregue
17549,2022-10-21,10,10,9,Em TrÃ¢nsito
17550,2022-10-22,1,1,11,Aguardando ConfirmaÃ§Ã£o
17551,2022-10-22,2,2,48,Em TrÃ¢nsito
17552,2022-10-22,3,3,27,Em TrÃ¢nsito
17553,2022-10-22,4,4,6,Em TrÃ¢nsito
17554,2022-10-22,5,5,34,Entregue
17555,2022-10-22,6,6,49,Entregue
17556,2022-10-22,7,7,41,Aguardando ConfirmaÃ§Ã£o
17557,2022-10-22,8,8,9,Entregue
17558,2022-10-22,9,9,24,Em TrÃ¢nsito
17559,2022-10-22,10,10,30,Entregue
17560,2022-10-23,1,1,48,Aguardando ConfirmaÃ§Ã£o
17561,2022-10-23,2,2,48,Em TrÃ¢nsito
17562,2022-10-23,3,3,43,Em TrÃ¢nsito
17563,2022-10-23,4,4,10,Entregue
17564,2022-10-23,5,5,33,Entregue
17565,2022-10-23,6,6,14,Aguardando ConfirmaÃ§Ã£o
17566,2022-10-23,7,7,20,Em TrÃ¢nsito
17567,2022-10-23,8,8,38,Aguardando ConfirmaÃ§Ã£o
17568,2022-10-23,9,9,35,Entregue
17569,2022-10-23,10,10,40,Em TrÃ¢nsito
17570,2022-10-24,1,1,45,Entregue
17571,2022-10-24,2,2,9,Em TrÃ¢nsito
17572,2022-10-24,3,3,37,Aguardando ConfirmaÃ§Ã£o
17573,2022-10-24,4,4,47,Em TrÃ¢nsito
17574,2022-10-24,5,5,23,Entregue
17575,2022-10-24,6,6,36,Em TrÃ¢nsito
17576,2022-10-24,7,7,27,Aguardando ConfirmaÃ§Ã£o
17577,2022-10-24,8,8,7,Entregue
17578,2022-10-24,9,9,5,Aguardando ConfirmaÃ§Ã£o
17579,2022-10-24,10,10,40,Em TrÃ¢nsito
17580,2022-10-25,1,1,45,Em TrÃ¢nsito
17581,2022-10-25,2,2,32,Em TrÃ¢nsito
17582,2022-10-25,3,3,43,Em TrÃ¢nsito
17583,2022-10-25,4,4,9,Entregue
17584,2022-10-25,5,5,17,Em TrÃ¢nsito
17585,2022-10-25,6,6,15,Entregue
17586,2022-10-25,7,7,26,Entregue
17587,2022-10-25,8,8,27,Entregue
17588,2022-10-25,9,9,16,Em TrÃ¢nsito
17589,2022-10-25,10,10,25,Em TrÃ¢nsito
17590,2022-10-26,1,1,23,Aguardando ConfirmaÃ§Ã£o
17591,2022-10-26,2,2,9,Em TrÃ¢nsito
17592,2022-10-26,3,3,28,Em TrÃ¢nsito
17593,2022-10-26,4,4,34,Em TrÃ¢nsito
17594,2022-10-26,5,5,12,Entregue
17595,2022-10-26,6,6,6,Aguardando ConfirmaÃ§Ã£o
17596,2022-10-26,7,7,38,Em TrÃ¢nsito
17597,2022-10-26,8,8,27,Aguardando ConfirmaÃ§Ã£o
17598,2022-10-26,9,9,7,Entregue
17599,2022-10-26,10,10,28,Aguardando ConfirmaÃ§Ã£o
17600,2022-10-27,1,1,22,Aguardando ConfirmaÃ§Ã£o
17601,2022-10-27,2,2,41,Aguardando ConfirmaÃ§Ã£o
17602,2022-10-27,3,3,35,Aguardando ConfirmaÃ§Ã£o
17603,2022-10-27,4,4,18,Aguardando ConfirmaÃ§Ã£o
17604,2022-10-27,5,5,5,Entregue
17605,2022-10-27,6,6,18,Em TrÃ¢nsito
17606,2022-10-27,7,7,45,Aguardando ConfirmaÃ§Ã£o
17607,2022-10-27,8,8,9,Entregue
17608,2022-10-27,9,9,35,Entregue
17609,2022-10-27,10,10,35,Em TrÃ¢nsito
17610,2022-10-28,1,1,34,Entregue
17611,2022-10-28,2,2,40,Em TrÃ¢nsito
17612,2022-10-28,3,3,5,Aguardando ConfirmaÃ§Ã£o
17613,2022-10-28,4,4,7,Entregue
17614,2022-10-28,5,5,24,Entregue
17615,2022-10-28,6,6,47,Entregue
17616,2022-10-28,7,7,47,Aguardando ConfirmaÃ§Ã£o
17617,2022-10-28,8,8,25,Em TrÃ¢nsito
17618,2022-10-28,9,9,34,Em TrÃ¢nsito
17619,2022-10-28,10,10,46,Entregue
17620,2022-10-29,1,1,48,Entregue
17621,2022-10-29,2,2,34,Aguardando ConfirmaÃ§Ã£o
17622,2022-10-29,3,3,9,Aguardando ConfirmaÃ§Ã£o
17623,2022-10-29,4,4,14,Em TrÃ¢nsito
17624,2022-10-29,5,5,28,Entregue
17625,2022-10-29,6,6,49,Entregue
17626,2022-10-29,7,7,43,Entregue
17627,2022-10-29,8,8,10,Entregue
17628,2022-10-29,9,9,14,Aguardando ConfirmaÃ§Ã£o
17629,2022-10-29,10,10,46,Aguardando ConfirmaÃ§Ã£o
17630,2022-10-30,1,1,47,Em TrÃ¢nsito
17631,2022-10-30,2,2,14,Entregue
17632,2022-10-30,3,3,29,Aguardando ConfirmaÃ§Ã£o
17633,2022-10-30,4,4,18,Entregue
17634,2022-10-30,5,5,43,Em TrÃ¢nsito
17635,2022-10-30,6,6,17,Entregue
17636,2022-10-30,7,7,15,Aguardando ConfirmaÃ§Ã£o
17637,2022-10-30,8,8,43,Aguardando ConfirmaÃ§Ã£o
17638,2022-10-30,9,9,15,Em TrÃ¢nsito
17639,2022-10-30,10,10,20,Em TrÃ¢nsito
17640,2022-10-31,1,1,37,Entregue
17641,2022-10-31,2,2,45,Entregue
17642,2022-10-31,3,3,45,Aguardando ConfirmaÃ§Ã£o
17643,2022-10-31,4,4,36,Aguardando ConfirmaÃ§Ã£o
17644,2022-10-31,5,5,14,Aguardando ConfirmaÃ§Ã£o
17645,2022-10-31,6,6,19,Em TrÃ¢nsito
17646,2022-10-31,7,7,20,Em TrÃ¢nsito
17647,2022-10-31,8,8,47,Em TrÃ¢nsito
17648,2022-10-31,9,9,31,Entregue
17649,2022-10-31,10,10,49,Em TrÃ¢nsito
17650,2022-11-01,1,1,36,Entregue
17651,2022-11-01,2,2,10,Entregue
17652,2022-11-01,3,3,40,Entregue
17653,2022-11-01,4,4,12,Em TrÃ¢nsito
17654,2022-11-01,5,5,29,Aguardando ConfirmaÃ§Ã£o
17655,2022-11-01,6,6,11,Em TrÃ¢nsito
17656,2022-11-01,7,7,21,Em TrÃ¢nsito
17657,2022-11-01,8,8,34,Em TrÃ¢nsito
17658,2022-11-01,9,9,6,Entregue
17659,2022-11-01,10,10,21,Aguardando ConfirmaÃ§Ã£o
17660,2022-11-02,1,1,8,Em TrÃ¢nsito
17661,2022-11-02,2,2,30,Em TrÃ¢nsito
17662,2022-11-02,3,3,18,Entregue
17663,2022-11-02,4,4,12,Em TrÃ¢nsito
17664,2022-11-02,5,5,9,Em TrÃ¢nsito
17665,2022-11-02,6,6,9,Entregue
17666,2022-11-02,7,7,9,Em TrÃ¢nsito
17667,2022-11-02,8,8,31,Aguardando ConfirmaÃ§Ã£o
17668,2022-11-02,9,9,9,Entregue
17669,2022-11-02,10,10,7,Aguardando ConfirmaÃ§Ã£o
17670,2022-11-03,1,1,42,Em TrÃ¢nsito
17671,2022-11-03,2,2,34,Entregue
17672,2022-11-03,3,3,5,Entregue
17673,2022-11-03,4,4,12,Em TrÃ¢nsito
17674,2022-11-03,5,5,17,Aguardando ConfirmaÃ§Ã£o
17675,2022-11-03,6,6,24,Em TrÃ¢nsito
17676,2022-11-03,7,7,10,Entregue
17677,2022-11-03,8,8,12,Entregue
17678,2022-11-03,9,9,34,Entregue
17679,2022-11-03,10,10,44,Em TrÃ¢nsito
17680,2022-11-04,1,1,19,Em TrÃ¢nsito
17681,2022-11-04,2,2,14,Em TrÃ¢nsito
17682,2022-11-04,3,3,37,Aguardando ConfirmaÃ§Ã£o
17683,2022-11-04,4,4,13,Aguardando ConfirmaÃ§Ã£o
17684,2022-11-04,5,5,37,Aguardando ConfirmaÃ§Ã£o
17685,2022-11-04,6,6,13,Entregue
17686,2022-11-04,7,7,18,Aguardando ConfirmaÃ§Ã£o
17687,2022-11-04,8,8,36,Entregue
17688,2022-11-04,9,9,41,Aguardando ConfirmaÃ§Ã£o
17689,2022-11-04,10,10,10,Aguardando ConfirmaÃ§Ã£o
17690,2022-11-05,1,1,9,Entregue
17691,2022-11-05,2,2,8,Em TrÃ¢nsito
17692,2022-11-05,3,3,20,Aguardando ConfirmaÃ§Ã£o
17693,2022-11-05,4,4,14,Entregue
17694,2022-11-05,5,5,35,Em TrÃ¢nsito
17695,2022-11-05,6,6,35,Em TrÃ¢nsito
17696,2022-11-05,7,7,18,Em TrÃ¢nsito
17697,2022-11-05,8,8,17,Entregue
17698,2022-11-05,9,9,8,Aguardando ConfirmaÃ§Ã£o
17699,2022-11-05,10,10,30,Aguardando ConfirmaÃ§Ã£o
17700,2022-11-06,1,1,28,Aguardando ConfirmaÃ§Ã£o
17701,2022-11-06,2,2,13,Em TrÃ¢nsito
17702,2022-11-06,3,3,39,Aguardando ConfirmaÃ§Ã£o
17703,2022-11-06,4,4,46,Entregue
17704,2022-11-06,5,5,19,Aguardando ConfirmaÃ§Ã£o
17705,2022-11-06,6,6,28,Aguardando ConfirmaÃ§Ã£o
17706,2022-11-06,7,7,35,Aguardando ConfirmaÃ§Ã£o
17707,2022-11-06,8,8,23,Aguardando ConfirmaÃ§Ã£o
17708,2022-11-06,9,9,6,Entregue
17709,2022-11-06,10,10,6,Aguardando ConfirmaÃ§Ã£o
17710,2022-11-07,1,1,45,Em TrÃ¢nsito
17711,2022-11-07,2,2,40,Aguardando ConfirmaÃ§Ã£o
17712,2022-11-07,3,3,41,Em TrÃ¢nsito
17713,2022-11-07,4,4,38,Em TrÃ¢nsito
17714,2022-11-07,5,5,43,Em TrÃ¢nsito
17715,2022-11-07,6,6,23,Entregue
17716,2022-11-07,7,7,42,Em TrÃ¢nsito
17717,2022-11-07,8,8,27,Em TrÃ¢nsito
17718,2022-11-07,9,9,20,Aguardando ConfirmaÃ§Ã£o
17719,2022-11-07,10,10,48,Entregue
17720,2022-11-08,1,1,10,Entregue
17721,2022-11-08,2,2,30,Entregue
17722,2022-11-08,3,3,26,Em TrÃ¢nsito
17723,2022-11-08,4,4,49,Em TrÃ¢nsito
17724,2022-11-08,5,5,28,Em TrÃ¢nsito
17725,2022-11-08,6,6,44,Aguardando ConfirmaÃ§Ã£o
17726,2022-11-08,7,7,25,Em TrÃ¢nsito
17727,2022-11-08,8,8,34,Entregue
17728,2022-11-08,9,9,15,Aguardando ConfirmaÃ§Ã£o
17729,2022-11-08,10,10,13,Aguardando ConfirmaÃ§Ã£o
17730,2022-11-09,1,1,16,Entregue
17731,2022-11-09,2,2,30,Em TrÃ¢nsito
17732,2022-11-09,3,3,42,Aguardando ConfirmaÃ§Ã£o
17733,2022-11-09,4,4,7,Entregue
17734,2022-11-09,5,5,37,Em TrÃ¢nsito
17735,2022-11-09,6,6,19,Aguardando ConfirmaÃ§Ã£o
17736,2022-11-09,7,7,9,Aguardando ConfirmaÃ§Ã£o
17737,2022-11-09,8,8,28,Aguardando ConfirmaÃ§Ã£o
17738,2022-11-09,9,9,15,Aguardando ConfirmaÃ§Ã£o
17739,2022-11-09,10,10,37,Aguardando ConfirmaÃ§Ã£o
17740,2022-11-10,1,1,27,Em TrÃ¢nsito
17741,2022-11-10,2,2,14,Entregue
17742,2022-11-10,3,3,47,Aguardando ConfirmaÃ§Ã£o
17743,2022-11-10,4,4,32,Entregue
17744,2022-11-10,5,5,43,Entregue
17745,2022-11-10,6,6,21,Entregue
17746,2022-11-10,7,7,48,Em TrÃ¢nsito
17747,2022-11-10,8,8,30,Entregue
17748,2022-11-10,9,9,29,Entregue
17749,2022-11-10,10,10,40,Entregue
17750,2022-11-11,1,1,16,Aguardando ConfirmaÃ§Ã£o
17751,2022-11-11,2,2,7,Aguardando ConfirmaÃ§Ã£o
17752,2022-11-11,3,3,33,Entregue
17753,2022-11-11,4,4,48,Em TrÃ¢nsito
17754,2022-11-11,5,5,28,Aguardando ConfirmaÃ§Ã£o
17755,2022-11-11,6,6,23,Aguardando ConfirmaÃ§Ã£o
17756,2022-11-11,7,7,17,Entregue
17757,2022-11-11,8,8,20,Entregue
17758,2022-11-11,9,9,44,Em TrÃ¢nsito
17759,2022-11-11,10,10,31,Aguardando ConfirmaÃ§Ã£o
17760,2022-11-12,1,1,10,Entregue
17761,2022-11-12,2,2,46,Aguardando ConfirmaÃ§Ã£o
17762,2022-11-12,3,3,14,Entregue
17763,2022-11-12,4,4,42,Entregue
17764,2022-11-12,5,5,12,Em TrÃ¢nsito
17765,2022-11-12,6,6,22,Aguardando ConfirmaÃ§Ã£o
17766,2022-11-12,7,7,36,Aguardando ConfirmaÃ§Ã£o
17767,2022-11-12,8,8,21,Entregue
17768,2022-11-12,9,9,46,Em TrÃ¢nsito
17769,2022-11-12,10,10,6,Em TrÃ¢nsito
17770,2022-11-13,1,1,48,Em TrÃ¢nsito
17771,2022-11-13,2,2,24,Aguardando ConfirmaÃ§Ã£o
17772,2022-11-13,3,3,14,Entregue
17773,2022-11-13,4,4,13,Entregue
17774,2022-11-13,5,5,43,Em TrÃ¢nsito
17775,2022-11-13,6,6,45,Em TrÃ¢nsito
17776,2022-11-13,7,7,29,Em TrÃ¢nsito
17777,2022-11-13,8,8,29,Aguardando ConfirmaÃ§Ã£o
17778,2022-11-13,9,9,28,Entregue
17779,2022-11-13,10,10,10,Em TrÃ¢nsito
17780,2022-11-14,1,1,34,Em TrÃ¢nsito
17781,2022-11-14,2,2,14,Entregue
17782,2022-11-14,3,3,43,Aguardando ConfirmaÃ§Ã£o
17783,2022-11-14,4,4,35,Aguardando ConfirmaÃ§Ã£o
17784,2022-11-14,5,5,22,Aguardando ConfirmaÃ§Ã£o
17785,2022-11-14,6,6,47,Entregue
17786,2022-11-14,7,7,37,Aguardando ConfirmaÃ§Ã£o
17787,2022-11-14,8,8,23,Em TrÃ¢nsito
17788,2022-11-14,9,9,27,Aguardando ConfirmaÃ§Ã£o
17789,2022-11-14,10,10,9,Entregue
17790,2022-11-15,1,1,30,Aguardando ConfirmaÃ§Ã£o
17791,2022-11-15,2,2,33,Entregue
17792,2022-11-15,3,3,28,Entregue
17793,2022-11-15,4,4,10,Aguardando ConfirmaÃ§Ã£o
17794,2022-11-15,5,5,43,Em TrÃ¢nsito
17795,2022-11-15,6,6,8,Entregue
17796,2022-11-15,7,7,46,Aguardando ConfirmaÃ§Ã£o
17797,2022-11-15,8,8,30,Entregue
17798,2022-11-15,9,9,19,Aguardando ConfirmaÃ§Ã£o
17799,2022-11-15,10,10,17,Em TrÃ¢nsito
17800,2022-11-16,1,1,44,Entregue
17801,2022-11-16,2,2,26,Em TrÃ¢nsito
17802,2022-11-16,3,3,17,Em TrÃ¢nsito
17803,2022-11-16,4,4,43,Em TrÃ¢nsito
17804,2022-11-16,5,5,21,Em TrÃ¢nsito
17805,2022-11-16,6,6,40,Em TrÃ¢nsito
17806,2022-11-16,7,7,43,Aguardando ConfirmaÃ§Ã£o
17807,2022-11-16,8,8,29,Em TrÃ¢nsito
17808,2022-11-16,9,9,38,Aguardando ConfirmaÃ§Ã£o
17809,2022-11-16,10,10,25,Em TrÃ¢nsito
17810,2022-11-17,1,1,29,Em TrÃ¢nsito
17811,2022-11-17,2,2,29,Entregue
17812,2022-11-17,3,3,26,Aguardando ConfirmaÃ§Ã£o
17813,2022-11-17,4,4,27,Em TrÃ¢nsito
17814,2022-11-17,5,5,29,Em TrÃ¢nsito
17815,2022-11-17,6,6,18,Em TrÃ¢nsito
17816,2022-11-17,7,7,18,Aguardando ConfirmaÃ§Ã£o
17817,2022-11-17,8,8,30,Aguardando ConfirmaÃ§Ã£o
17818,2022-11-17,9,9,44,Aguardando ConfirmaÃ§Ã£o
17819,2022-11-17,10,10,34,Entregue
17820,2022-11-18,1,1,30,Entregue
17821,2022-11-18,2,2,42,Em TrÃ¢nsito
17822,2022-11-18,3,3,26,Aguardando ConfirmaÃ§Ã£o
17823,2022-11-18,4,4,43,Aguardando ConfirmaÃ§Ã£o
17824,2022-11-18,5,5,43,Entregue
17825,2022-11-18,6,6,38,Em TrÃ¢nsito
17826,2022-11-18,7,7,29,Aguardando ConfirmaÃ§Ã£o
17827,2022-11-18,8,8,40,Aguardando ConfirmaÃ§Ã£o
17828,2022-11-18,9,9,17,Em TrÃ¢nsito
17829,2022-11-18,10,10,33,Entregue
17830,2022-11-19,1,1,46,Entregue
17831,2022-11-19,2,2,13,Aguardando ConfirmaÃ§Ã£o
17832,2022-11-19,3,3,19,Em TrÃ¢nsito
17833,2022-11-19,4,4,35,Em TrÃ¢nsito
17834,2022-11-19,5,5,48,Em TrÃ¢nsito
17835,2022-11-19,6,6,31,Aguardando ConfirmaÃ§Ã£o
17836,2022-11-19,7,7,35,Entregue
17837,2022-11-19,8,8,14,Entregue
17838,2022-11-19,9,9,41,Entregue
17839,2022-11-19,10,10,11,Entregue
17840,2022-11-20,1,1,36,Entregue
17841,2022-11-20,2,2,15,Aguardando ConfirmaÃ§Ã£o
17842,2022-11-20,3,3,49,Aguardando ConfirmaÃ§Ã£o
17843,2022-11-20,4,4,32,Entregue
17844,2022-11-20,5,5,8,Entregue
17845,2022-11-20,6,6,49,Aguardando ConfirmaÃ§Ã£o
17846,2022-11-20,7,7,35,Entregue
17847,2022-11-20,8,8,33,Entregue
17848,2022-11-20,9,9,37,Entregue
17849,2022-11-20,10,10,8,Em TrÃ¢nsito
17850,2022-11-21,1,1,30,Entregue
17851,2022-11-21,2,2,35,Em TrÃ¢nsito
17852,2022-11-21,3,3,35,Entregue
17853,2022-11-21,4,4,31,Entregue
17854,2022-11-21,5,5,29,Aguardando ConfirmaÃ§Ã£o
17855,2022-11-21,6,6,40,Aguardando ConfirmaÃ§Ã£o
17856,2022-11-21,7,7,35,Aguardando ConfirmaÃ§Ã£o
17857,2022-11-21,8,8,47,Em TrÃ¢nsito
17858,2022-11-21,9,9,41,Em TrÃ¢nsito
17859,2022-11-21,10,10,49,Entregue
17860,2022-11-22,1,1,48,Em TrÃ¢nsito
17861,2022-11-22,2,2,27,Aguardando ConfirmaÃ§Ã£o
17862,2022-11-22,3,3,39,Em TrÃ¢nsito
17863,2022-11-22,4,4,8,Entregue
17864,2022-11-22,5,5,32,Em TrÃ¢nsito
17865,2022-11-22,6,6,46,Aguardando ConfirmaÃ§Ã£o
17866,2022-11-22,7,7,45,Entregue
17867,2022-11-22,8,8,46,Em TrÃ¢nsito
17868,2022-11-22,9,9,17,Entregue
17869,2022-11-22,10,10,5,Entregue
17870,2022-11-23,1,1,16,Em TrÃ¢nsito
17871,2022-11-23,2,2,47,Entregue
17872,2022-11-23,3,3,44,Em TrÃ¢nsito
17873,2022-11-23,4,4,30,Aguardando ConfirmaÃ§Ã£o
17874,2022-11-23,5,5,27,Aguardando ConfirmaÃ§Ã£o
17875,2022-11-23,6,6,26,Em TrÃ¢nsito
17876,2022-11-23,7,7,32,Em TrÃ¢nsito
17877,2022-11-23,8,8,21,Entregue
17878,2022-11-23,9,9,10,Em TrÃ¢nsito
17879,2022-11-23,10,10,18,Entregue
17880,2022-11-24,1,1,21,Aguardando ConfirmaÃ§Ã£o
17881,2022-11-24,2,2,42,Em TrÃ¢nsito
17882,2022-11-24,3,3,9,Aguardando ConfirmaÃ§Ã£o
17883,2022-11-24,4,4,17,Em TrÃ¢nsito
17884,2022-11-24,5,5,13,Aguardando ConfirmaÃ§Ã£o
17885,2022-11-24,6,6,48,Em TrÃ¢nsito
17886,2022-11-24,7,7,46,Em TrÃ¢nsito
17887,2022-11-24,8,8,30,Entregue
17888,2022-11-24,9,9,17,Entregue
17889,2022-11-24,10,10,23,Em TrÃ¢nsito
17890,2022-11-25,1,1,21,Entregue
17891,2022-11-25,2,2,20,Em TrÃ¢nsito
17892,2022-11-25,3,3,34,Em TrÃ¢nsito
17893,2022-11-25,4,4,36,Aguardando ConfirmaÃ§Ã£o
17894,2022-11-25,5,5,18,Entregue
17895,2022-11-25,6,6,19,Entregue
17896,2022-11-25,7,7,16,Aguardando ConfirmaÃ§Ã£o
17897,2022-11-25,8,8,41,Em TrÃ¢nsito
17898,2022-11-25,9,9,15,Entregue
17899,2022-11-25,10,10,9,Em TrÃ¢nsito
17900,2022-11-26,1,1,15,Entregue
17901,2022-11-26,2,2,38,Entregue
17902,2022-11-26,3,3,23,Em TrÃ¢nsito
17903,2022-11-26,4,4,30,Em TrÃ¢nsito
17904,2022-11-26,5,5,30,Entregue
17905,2022-11-26,6,6,21,Aguardando ConfirmaÃ§Ã£o
17906,2022-11-26,7,7,35,Aguardando ConfirmaÃ§Ã£o
17907,2022-11-26,8,8,23,Aguardando ConfirmaÃ§Ã£o
17908,2022-11-26,9,9,48,Aguardando ConfirmaÃ§Ã£o
17909,2022-11-26,10,10,24,Aguardando ConfirmaÃ§Ã£o
17910,2022-11-27,1,1,27,Em TrÃ¢nsito
17911,2022-11-27,2,2,29,Entregue
17912,2022-11-27,3,3,32,Aguardando ConfirmaÃ§Ã£o
17913,2022-11-27,4,4,41,Entregue
17914,2022-11-27,5,5,16,Em TrÃ¢nsito
17915,2022-11-27,6,6,5,Entregue
17916,2022-11-27,7,7,6,Em TrÃ¢nsito
17917,2022-11-27,8,8,14,Entregue
17918,2022-11-27,9,9,38,Entregue
17919,2022-11-27,10,10,36,Em TrÃ¢nsito
17920,2022-11-28,1,1,29,Entregue
17921,2022-11-28,2,2,14,Em TrÃ¢nsito
17922,2022-11-28,3,3,5,Entregue
17923,2022-11-28,4,4,36,Entregue
17924,2022-11-28,5,5,41,Aguardando ConfirmaÃ§Ã£o
17925,2022-11-28,6,6,16,Entregue
17926,2022-11-28,7,7,22,Aguardando ConfirmaÃ§Ã£o
17927,2022-11-28,8,8,34,Aguardando ConfirmaÃ§Ã£o
17928,2022-11-28,9,9,17,Em TrÃ¢nsito
17929,2022-11-28,10,10,7,Em TrÃ¢nsito
17930,2022-11-29,1,1,25,Entregue
17931,2022-11-29,2,2,46,Em TrÃ¢nsito
17932,2022-11-29,3,3,18,Aguardando ConfirmaÃ§Ã£o
17933,2022-11-29,4,4,44,Entregue
17934,2022-11-29,5,5,14,Em TrÃ¢nsito
17935,2022-11-29,6,6,6,Em TrÃ¢nsito
17936,2022-11-29,7,7,49,Em TrÃ¢nsito
17937,2022-11-29,8,8,41,Aguardando ConfirmaÃ§Ã£o
17938,2022-11-29,9,9,15,Em TrÃ¢nsito
17939,2022-11-29,10,10,5,Entregue
17940,2022-11-30,1,1,30,Entregue
17941,2022-11-30,2,2,46,Entregue
17942,2022-11-30,3,3,17,Aguardando ConfirmaÃ§Ã£o
17943,2022-11-30,4,4,32,Em TrÃ¢nsito
17944,2022-11-30,5,5,40,Entregue
17945,2022-11-30,6,6,25,Em TrÃ¢nsito
17946,2022-11-30,7,7,14,Em TrÃ¢nsito
17947,2022-11-30,8,8,16,Entregue
17948,2022-11-30,9,9,31,Aguardando ConfirmaÃ§Ã£o
17949,2022-11-30,10,10,7,Entregue
17950,2022-12-01,1,1,32,Entregue
17951,2022-12-01,2,2,6,Aguardando ConfirmaÃ§Ã£o
17952,2022-12-01,3,3,32,Em TrÃ¢nsito
17953,2022-12-01,4,4,35,Em TrÃ¢nsito
17954,2022-12-01,5,5,47,Aguardando ConfirmaÃ§Ã£o
17955,2022-12-01,6,6,25,Entregue
17956,2022-12-01,7,7,11,Aguardando ConfirmaÃ§Ã£o
17957,2022-12-01,8,8,35,Entregue
17958,2022-12-01,9,9,18,Aguardando ConfirmaÃ§Ã£o
17959,2022-12-01,10,10,43,Em TrÃ¢nsito
17960,2022-12-02,1,1,43,Aguardando ConfirmaÃ§Ã£o
17961,2022-12-02,2,2,13,Aguardando ConfirmaÃ§Ã£o
17962,2022-12-02,3,3,27,Entregue
17963,2022-12-02,4,4,16,Entregue
17964,2022-12-02,5,5,33,Entregue
17965,2022-12-02,6,6,42,Aguardando ConfirmaÃ§Ã£o
17966,2022-12-02,7,7,43,Aguardando ConfirmaÃ§Ã£o
17967,2022-12-02,8,8,26,Entregue
17968,2022-12-02,9,9,8,Em TrÃ¢nsito
17969,2022-12-02,10,10,11,Entregue
17970,2022-12-03,1,1,44,Aguardando ConfirmaÃ§Ã£o
17971,2022-12-03,2,2,12,Aguardando ConfirmaÃ§Ã£o
17972,2022-12-03,3,3,39,Entregue
17973,2022-12-03,4,4,13,Entregue
17974,2022-12-03,5,5,17,Aguardando ConfirmaÃ§Ã£o
17975,2022-12-03,6,6,43,Aguardando ConfirmaÃ§Ã£o
17976,2022-12-03,7,7,24,Em TrÃ¢nsito
17977,2022-12-03,8,8,25,Entregue
17978,2022-12-03,9,9,23,Entregue
17979,2022-12-03,10,10,6,Em TrÃ¢nsito
17980,2022-12-04,1,1,48,Aguardando ConfirmaÃ§Ã£o
17981,2022-12-04,2,2,44,Aguardando ConfirmaÃ§Ã£o
17982,2022-12-04,3,3,34,Em TrÃ¢nsito
17983,2022-12-04,4,4,27,Entregue
17984,2022-12-04,5,5,44,Aguardando ConfirmaÃ§Ã£o
17985,2022-12-04,6,6,17,Em TrÃ¢nsito
17986,2022-12-04,7,7,37,Em TrÃ¢nsito
17987,2022-12-04,8,8,36,Em TrÃ¢nsito
17988,2022-12-04,9,9,32,Aguardando ConfirmaÃ§Ã£o
17989,2022-12-04,10,10,28,Aguardando ConfirmaÃ§Ã£o
17990,2022-12-05,1,1,46,Em TrÃ¢nsito
17991,2022-12-05,2,2,32,Em TrÃ¢nsito
17992,2022-12-05,3,3,34,Aguardando ConfirmaÃ§Ã£o
17993,2022-12-05,4,4,45,Aguardando ConfirmaÃ§Ã£o
17994,2022-12-05,5,5,33,Aguardando ConfirmaÃ§Ã£o
17995,2022-12-05,6,6,38,Aguardando ConfirmaÃ§Ã£o
17996,2022-12-05,7,7,26,Aguardando ConfirmaÃ§Ã£o
17997,2022-12-05,8,8,29,Em TrÃ¢nsito
17998,2022-12-05,9,9,18,Aguardando ConfirmaÃ§Ã£o
17999,2022-12-05,10,10,14,Aguardando ConfirmaÃ§Ã£o
18000,2022-12-06,1,1,14,Em TrÃ¢nsito
18001,2022-12-06,2,2,12,Em TrÃ¢nsito
18002,2022-12-06,3,3,18,Entregue
18003,2022-12-06,4,4,49,Aguardando ConfirmaÃ§Ã£o
18004,2022-12-06,5,5,42,Entregue
18005,2022-12-06,6,6,36,Entregue
18006,2022-12-06,7,7,49,Em TrÃ¢nsito
18007,2022-12-06,8,8,36,Em TrÃ¢nsito
18008,2022-12-06,9,9,7,Entregue
18009,2022-12-06,10,10,24,Entregue
18010,2022-12-07,1,1,17,Entregue
18011,2022-12-07,2,2,27,Entregue
18012,2022-12-07,3,3,23,Aguardando ConfirmaÃ§Ã£o
18013,2022-12-07,4,4,20,Entregue
18014,2022-12-07,5,5,40,Em TrÃ¢nsito
18015,2022-12-07,6,6,39,Entregue
18016,2022-12-07,7,7,11,Entregue
18017,2022-12-07,8,8,41,Em TrÃ¢nsito
18018,2022-12-07,9,9,12,Entregue
18019,2022-12-07,10,10,29,Em TrÃ¢nsito
18020,2022-12-08,1,1,27,Aguardando ConfirmaÃ§Ã£o
18021,2022-12-08,2,2,14,Aguardando ConfirmaÃ§Ã£o
18022,2022-12-08,3,3,34,Em TrÃ¢nsito
18023,2022-12-08,4,4,37,Aguardando ConfirmaÃ§Ã£o
18024,2022-12-08,5,5,15,Aguardando ConfirmaÃ§Ã£o
18025,2022-12-08,6,6,39,Aguardando ConfirmaÃ§Ã£o
18026,2022-12-08,7,7,31,Em TrÃ¢nsito
18027,2022-12-08,8,8,7,Entregue
18028,2022-12-08,9,9,12,Aguardando ConfirmaÃ§Ã£o
18029,2022-12-08,10,10,17,Entregue
18030,2022-12-09,1,1,46,Entregue
18031,2022-12-09,2,2,7,Aguardando ConfirmaÃ§Ã£o
18032,2022-12-09,3,3,24,Aguardando ConfirmaÃ§Ã£o
18033,2022-12-09,4,4,49,Entregue
18034,2022-12-09,5,5,39,Aguardando ConfirmaÃ§Ã£o
18035,2022-12-09,6,6,17,Em TrÃ¢nsito
18036,2022-12-09,7,7,24,Em TrÃ¢nsito
18037,2022-12-09,8,8,28,Aguardando ConfirmaÃ§Ã£o
18038,2022-12-09,9,9,13,Entregue
18039,2022-12-09,10,10,34,Aguardando ConfirmaÃ§Ã£o
18040,2022-12-10,1,1,29,Em TrÃ¢nsito
18041,2022-12-10,2,2,20,Entregue
18042,2022-12-10,3,3,12,Aguardando ConfirmaÃ§Ã£o
18043,2022-12-10,4,4,48,Em TrÃ¢nsito
18044,2022-12-10,5,5,32,Entregue
18045,2022-12-10,6,6,16,Em TrÃ¢nsito
18046,2022-12-10,7,7,28,Aguardando ConfirmaÃ§Ã£o
18047,2022-12-10,8,8,33,Aguardando ConfirmaÃ§Ã£o
18048,2022-12-10,9,9,19,Em TrÃ¢nsito
18049,2022-12-10,10,10,22,Em TrÃ¢nsito
18050,2022-12-11,1,1,11,Em TrÃ¢nsito
18051,2022-12-11,2,2,17,Em TrÃ¢nsito
18052,2022-12-11,3,3,23,Em TrÃ¢nsito
18053,2022-12-11,4,4,47,Entregue
18054,2022-12-11,5,5,9,Aguardando ConfirmaÃ§Ã£o
18055,2022-12-11,6,6,30,Entregue
18056,2022-12-11,7,7,6,Em TrÃ¢nsito
18057,2022-12-11,8,8,37,Entregue
18058,2022-12-11,9,9,41,Aguardando ConfirmaÃ§Ã£o
18059,2022-12-11,10,10,29,Em TrÃ¢nsito
18060,2022-12-12,1,1,29,Em TrÃ¢nsito
18061,2022-12-12,2,2,43,Aguardando ConfirmaÃ§Ã£o
18062,2022-12-12,3,3,34,Entregue
18063,2022-12-12,4,4,45,Aguardando ConfirmaÃ§Ã£o
18064,2022-12-12,5,5,8,Aguardando ConfirmaÃ§Ã£o
18065,2022-12-12,6,6,23,Entregue
18066,2022-12-12,7,7,31,Entregue
18067,2022-12-12,8,8,43,Em TrÃ¢nsito
18068,2022-12-12,9,9,28,Em TrÃ¢nsito
18069,2022-12-12,10,10,41,Em TrÃ¢nsito
18070,2022-12-13,1,1,29,Aguardando ConfirmaÃ§Ã£o
18071,2022-12-13,2,2,33,Entregue
18072,2022-12-13,3,3,35,Entregue
18073,2022-12-13,4,4,49,Em TrÃ¢nsito
18074,2022-12-13,5,5,39,Aguardando ConfirmaÃ§Ã£o
18075,2022-12-13,6,6,32,Aguardando ConfirmaÃ§Ã£o
18076,2022-12-13,7,7,42,Entregue
18077,2022-12-13,8,8,48,Entregue
18078,2022-12-13,9,9,8,Entregue
18079,2022-12-13,10,10,32,Entregue
18080,2022-12-14,1,1,35,Aguardando ConfirmaÃ§Ã£o
18081,2022-12-14,2,2,27,Em TrÃ¢nsito
18082,2022-12-14,3,3,18,Entregue
18083,2022-12-14,4,4,32,Entregue
18084,2022-12-14,5,5,18,Entregue
18085,2022-12-14,6,6,5,Aguardando ConfirmaÃ§Ã£o
18086,2022-12-14,7,7,47,Em TrÃ¢nsito
18087,2022-12-14,8,8,36,Aguardando ConfirmaÃ§Ã£o
18088,2022-12-14,9,9,45,Em TrÃ¢nsito
18089,2022-12-14,10,10,22,Aguardando ConfirmaÃ§Ã£o
18090,2022-12-15,1,1,9,Entregue
18091,2022-12-15,2,2,46,Entregue
18092,2022-12-15,3,3,19,Em TrÃ¢nsito
18093,2022-12-15,4,4,46,Aguardando ConfirmaÃ§Ã£o
18094,2022-12-15,5,5,20,Em TrÃ¢nsito
18095,2022-12-15,6,6,40,Aguardando ConfirmaÃ§Ã£o
18096,2022-12-15,7,7,40,Entregue
18097,2022-12-15,8,8,44,Em TrÃ¢nsito
18098,2022-12-15,9,9,34,Em TrÃ¢nsito
18099,2022-12-15,10,10,42,Entregue
18100,2022-12-16,1,1,27,Entregue
18101,2022-12-16,2,2,15,Entregue
18102,2022-12-16,3,3,29,Entregue
18103,2022-12-16,4,4,49,Entregue
18104,2022-12-16,5,5,47,Entregue
18105,2022-12-16,6,6,6,Aguardando ConfirmaÃ§Ã£o
18106,2022-12-16,7,7,39,Aguardando ConfirmaÃ§Ã£o
18107,2022-12-16,8,8,28,Em TrÃ¢nsito
18108,2022-12-16,9,9,17,Aguardando ConfirmaÃ§Ã£o
18109,2022-12-16,10,10,46,Em TrÃ¢nsito
18110,2022-12-17,1,1,41,Aguardando ConfirmaÃ§Ã£o
18111,2022-12-17,2,2,34,Aguardando ConfirmaÃ§Ã£o
18112,2022-12-17,3,3,15,Entregue
18113,2022-12-17,4,4,27,Aguardando ConfirmaÃ§Ã£o
18114,2022-12-17,5,5,32,Aguardando ConfirmaÃ§Ã£o
18115,2022-12-17,6,6,33,Aguardando ConfirmaÃ§Ã£o
18116,2022-12-17,7,7,19,Entregue
18117,2022-12-17,8,8,49,Entregue
18118,2022-12-17,9,9,7,Aguardando ConfirmaÃ§Ã£o
18119,2022-12-17,10,10,13,Em TrÃ¢nsito
18120,2022-12-18,1,1,12,Aguardando ConfirmaÃ§Ã£o
18121,2022-12-18,2,2,37,Entregue
18122,2022-12-18,3,3,38,Entregue
18123,2022-12-18,4,4,13,Em TrÃ¢nsito
18124,2022-12-18,5,5,21,Entregue
18125,2022-12-18,6,6,45,Entregue
18126,2022-12-18,7,7,5,Aguardando ConfirmaÃ§Ã£o
18127,2022-12-18,8,8,44,Em TrÃ¢nsito
18128,2022-12-18,9,9,9,Entregue
18129,2022-12-18,10,10,34,Entregue
18130,2022-12-19,1,1,15,Aguardando ConfirmaÃ§Ã£o
18131,2022-12-19,2,2,32,Aguardando ConfirmaÃ§Ã£o
18132,2022-12-19,3,3,42,Aguardando ConfirmaÃ§Ã£o
18133,2022-12-19,4,4,21,Aguardando ConfirmaÃ§Ã£o
18134,2022-12-19,5,5,27,Em TrÃ¢nsito
18135,2022-12-19,6,6,22,Aguardando ConfirmaÃ§Ã£o
18136,2022-12-19,7,7,41,Em TrÃ¢nsito
18137,2022-12-19,8,8,31,Entregue
18138,2022-12-19,9,9,29,Entregue
18139,2022-12-19,10,10,9,Aguardando ConfirmaÃ§Ã£o
18140,2022-12-20,1,1,23,Aguardando ConfirmaÃ§Ã£o
18141,2022-12-20,2,2,31,Aguardando ConfirmaÃ§Ã£o
18142,2022-12-20,3,3,17,Entregue
18143,2022-12-20,4,4,11,Entregue
18144,2022-12-20,5,5,30,Entregue
18145,2022-12-20,6,6,18,Em TrÃ¢nsito
18146,2022-12-20,7,7,31,Entregue
18147,2022-12-20,8,8,12,Aguardando ConfirmaÃ§Ã£o
18148,2022-12-20,9,9,35,Em TrÃ¢nsito
18149,2022-12-20,10,10,39,Em TrÃ¢nsito
18150,2022-12-21,1,1,31,Em TrÃ¢nsito
18151,2022-12-21,2,2,8,Entregue
18152,2022-12-21,3,3,46,Entregue
18153,2022-12-21,4,4,8,Entregue
18154,2022-12-21,5,5,22,Entregue
18155,2022-12-21,6,6,27,Aguardando ConfirmaÃ§Ã£o
18156,2022-12-21,7,7,36,Em TrÃ¢nsito
18157,2022-12-21,8,8,16,Em TrÃ¢nsito
18158,2022-12-21,9,9,24,Em TrÃ¢nsito
18159,2022-12-21,10,10,49,Em TrÃ¢nsito
18160,2022-12-22,1,1,16,Em TrÃ¢nsito
18161,2022-12-22,2,2,12,Aguardando ConfirmaÃ§Ã£o
18162,2022-12-22,3,3,26,Aguardando ConfirmaÃ§Ã£o
18163,2022-12-22,4,4,31,Em TrÃ¢nsito
18164,2022-12-22,5,5,45,Em TrÃ¢nsito
18165,2022-12-22,6,6,45,Entregue
18166,2022-12-22,7,7,21,Em TrÃ¢nsito
18167,2022-12-22,8,8,36,Aguardando ConfirmaÃ§Ã£o
18168,2022-12-22,9,9,37,Entregue
18169,2022-12-22,10,10,35,Aguardando ConfirmaÃ§Ã£o
18170,2022-12-23,1,1,10,Entregue
18171,2022-12-23,2,2,43,Entregue
18172,2022-12-23,3,3,13,Em TrÃ¢nsito
18173,2022-12-23,4,4,46,Aguardando ConfirmaÃ§Ã£o
18174,2022-12-23,5,5,36,Aguardando ConfirmaÃ§Ã£o
18175,2022-12-23,6,6,40,Em TrÃ¢nsito
18176,2022-12-23,7,7,20,Entregue
18177,2022-12-23,8,8,16,Entregue
18178,2022-12-23,9,9,45,Aguardando ConfirmaÃ§Ã£o
18179,2022-12-23,10,10,7,Em TrÃ¢nsito
18180,2022-12-24,1,1,31,Em TrÃ¢nsito
18181,2022-12-24,2,2,31,Aguardando ConfirmaÃ§Ã£o
18182,2022-12-24,3,3,13,Entregue
18183,2022-12-24,4,4,21,Entregue
18184,2022-12-24,5,5,9,Em TrÃ¢nsito
18185,2022-12-24,6,6,30,Entregue
18186,2022-12-24,7,7,25,Entregue
18187,2022-12-24,8,8,5,Entregue
18188,2022-12-24,9,9,5,Aguardando ConfirmaÃ§Ã£o
18189,2022-12-24,10,10,39,Em TrÃ¢nsito
18190,2022-12-25,1,1,13,Aguardando ConfirmaÃ§Ã£o
18191,2022-12-25,2,2,27,Aguardando ConfirmaÃ§Ã£o
18192,2022-12-25,3,3,42,Entregue
18193,2022-12-25,4,4,45,Em TrÃ¢nsito
18194,2022-12-25,5,5,8,Entregue
18195,2022-12-25,6,6,23,Em TrÃ¢nsito
18196,2022-12-25,7,7,41,Entregue
18197,2022-12-25,8,8,9,Em TrÃ¢nsito
18198,2022-12-25,9,9,32,Em TrÃ¢nsito
18199,2022-12-25,10,10,46,Entregue
18200,2022-12-26,1,1,27,Entregue
18201,2022-12-26,2,2,42,Aguardando ConfirmaÃ§Ã£o
18202,2022-12-26,3,3,27,Aguardando ConfirmaÃ§Ã£o
18203,2022-12-26,4,4,22,Em TrÃ¢nsito
18204,2022-12-26,5,5,33,Entregue
18205,2022-12-26,6,6,32,Entregue
18206,2022-12-26,7,7,13,Aguardando ConfirmaÃ§Ã£o
18207,2022-12-26,8,8,43,Entregue
18208,2022-12-26,9,9,14,Em TrÃ¢nsito
18209,2022-12-26,10,10,6,Em TrÃ¢nsito
18210,2022-12-27,1,1,17,Em TrÃ¢nsito
18211,2022-12-27,2,2,42,Aguardando ConfirmaÃ§Ã£o
18212,2022-12-27,3,3,31,Em TrÃ¢nsito
18213,2022-12-27,4,4,45,Aguardando ConfirmaÃ§Ã£o
18214,2022-12-27,5,5,24,Aguardando ConfirmaÃ§Ã£o
18215,2022-12-27,6,6,44,Em TrÃ¢nsito
18216,2022-12-27,7,7,14,Aguardando ConfirmaÃ§Ã£o
18217,2022-12-27,8,8,20,Aguardando ConfirmaÃ§Ã£o
18218,2022-12-27,9,9,19,Em TrÃ¢nsito
18219,2022-12-27,10,10,17,Em TrÃ¢nsito
18220,2022-12-28,1,1,42,Aguardando ConfirmaÃ§Ã£o
18221,2022-12-28,2,2,24,Aguardando ConfirmaÃ§Ã£o
18222,2022-12-28,3,3,28,Entregue
18223,2022-12-28,4,4,45,Em TrÃ¢nsito
18224,2022-12-28,5,5,11,Entregue
18225,2022-12-28,6,6,27,Aguardando ConfirmaÃ§Ã£o
18226,2022-12-28,7,7,28,Entregue
18227,2022-12-28,8,8,33,Aguardando ConfirmaÃ§Ã£o
18228,2022-12-28,9,9,9,Entregue
18229,2022-12-28,10,10,47,Aguardando ConfirmaÃ§Ã£o
18230,2022-12-29,1,1,49,Aguardando ConfirmaÃ§Ã£o
18231,2022-12-29,2,2,39,Aguardando ConfirmaÃ§Ã£o
18232,2022-12-29,3,3,5,Em TrÃ¢nsito
18233,2022-12-29,4,4,40,Aguardando ConfirmaÃ§Ã£o
18234,2022-12-29,5,5,22,Em TrÃ¢nsito
18235,2022-12-29,6,6,10,Aguardando ConfirmaÃ§Ã£o
18236,2022-12-29,7,7,27,Entregue
18237,2022-12-29,8,8,14,Aguardando ConfirmaÃ§Ã£o
18238,2022-12-29,9,9,11,Aguardando ConfirmaÃ§Ã£o
18239,2022-12-29,10,10,48,Entregue
18240,2022-12-30,1,1,12,Aguardando ConfirmaÃ§Ã£o
18241,2022-12-30,2,2,17,Aguardando ConfirmaÃ§Ã£o
18242,2022-12-30,3,3,34,Aguardando ConfirmaÃ§Ã£o
18243,2022-12-30,4,4,22,Entregue
18244,2022-12-30,5,5,18,Aguardando ConfirmaÃ§Ã£o
18245,2022-12-30,6,6,15,Em TrÃ¢nsito
18246,2022-12-30,7,7,46,Em TrÃ¢nsito
18247,2022-12-30,8,8,42,Em TrÃ¢nsito
18248,2022-12-30,9,9,17,Em TrÃ¢nsito
18249,2022-12-30,10,10,46,Entregue
18250,2022-12-31,1,1,48,Aguardando ConfirmaÃ§Ã£o
18251,2022-12-31,2,2,37,Em TrÃ¢nsito
18252,2022-12-31,3,3,17,Aguardando ConfirmaÃ§Ã£o
18253,2022-12-31,4,4,29,Aguardando ConfirmaÃ§Ã£o
18254,2022-12-31,5,5,28,Entregue
18255,2022-12-31,6,6,33,Aguardando ConfirmaÃ§Ã£o
18256,2022-12-31,7,7,40,Em TrÃ¢nsito
18257,2022-12-31,8,8,10,Em TrÃ¢nsito
18258,2022-12-31,9,9,22,Entregue
18259,2022-12-31,10,10,32,Em TrÃ¢nsito
